padded_name	bare_name	padded_digest	padded_length	unpadded_digest	unpadded_length	inflation_factor	sequence_role	refseq_accn	genbank_accn	first_padded_release	last_padded_release	first_unpadded_release	unpadded_source	parent_chromosome	parent_start	parent_stop	region_name	orientation	real_bases	real_span_start	real_span_end	pct_real	recovers_unpadded	placement_matches	in_seqrepo_padded	seqrepo_biological_namespaces_padded
CHR_HG107_PATCH	HG107_PATCH	5wx1kAM1KCvyOA6bwE-HYjoep8DOF9E1	135088590	fKygc_YcSj_YWDbvLOvkltxvK9RwCi2_	196940	685.9	fix-patch	NW_015148966.1	KQ759759.1	85	109		refseq:NW_015148966.1						196940	1012543	1209483	0.1458	forward		yes	Ensembl
CHR_HG109_PATCH	HG109_PATCH	2quocrLtjqZaBp5O1ilN69kje88qBFtM	58617934	SUN4lhO2ijxRkZZOwstGQjatK_rxNliW	493165	118.9	fix-patch	NW_021160022.1	ML143376.1	98	109	110	ensembl-110	19	13788160	14281006	SAMD1	+	493165	13788159	14281324	0.8413	forward	yes	yes	Ensembl
CHR_HG126_PATCH	HG126_PATCH	K9ryTF2Q2p1-xItlvio--MvuLGmYBOqx	198295908	QomxsSSZv_23m41h8zQhU_KPGf4HPqmr	415308	477.5	fix-patch	NW_011332691.1	KN538364.1	79	109	110	ensembl-110	3	72325441	72740399	RYBP	+	415308	72325440	72740748	0.2094	forward	yes	yes	Ensembl
CHR_HG1277_PATCH	HG1277_PATCH	pyP2j4b-zJk0uhQ4hdazi9VcElP1Gz57	133754853	acx7Hj8HipX_enNMc9pGiMj4Vy5DEjGn	292944	456.6	fix-patch	NW_021160001.1	ML143355.1	98	109	110	ensembl-110	10	47739150	48074662	REGION298	+	292944	47739149	48032093	0.2190	forward	yes	yes	Ensembl
CHR_HG1296_PATCH	HG1296_PATCH	VPWlo8QuERb78AQVtxjjXs2W_3iRHU7r	190208697	faxrWg1v8M8XszX7IJknIoRvD0OvoVn1	125549	1515.0	fix-patch	NW_021159994.1	ML143348.1	98	109	110	ensembl-110	4	32810823	32942229	REGION278	+	125549	32810822	32936371	0.0660	forward	yes	yes	Ensembl
CHR_HG1298_PATCH	HG1298_PATCH	tP-CzcfucaaBY8SlFYyDq0EspR14zfzP	190196285	FxN2CeIKzchDJxT09ukQlmt4yLtClqBj	176674	1076.5	fix-patch	NW_021159993.1	ML143347.1	98	109	110	ensembl-110	4	8728948	8923891	REGION279	+	176674	8728947	8905621	0.0929	forward	yes	yes	Ensembl
CHR_HG1299_PATCH	HG1299_PATCH	uTyo30ml7ao8ARkbKqrKwpinGwTh3DO9	190201596	Jn-EWcBeINRDMrAhTKonnRaB6DoCeBuI	53476	3556.8	fix-patch	NW_021159992.1	ML143346.1	98	109	110	ensembl-110	4	31788957	31855391	REGION280	+	53476	31788956	31842432	0.0281	forward	yes	yes	Ensembl
CHR_HG1309_PATCH	HG1309_PATCH	WFZ2ta_ZZJ9ZqjFVGXYYhqT3MDlvc1Wn	159365091	iq0HU2pCViiy6Tyz3Zfhul7D6QaPcAjE	254759	625.6	fix-patch	NW_021159998.1	ML143352.1	98	109	110	ensembl-110	7	43902	279542	REGION145	+	254759	43901	298660	0.1599	forward	yes	yes	Ensembl
CHR_HG1311_PATCH	HG1311_PATCH	c6UXvEwgDl1XTy-M1Vd22F49C0wOTKRO	50818486	d32kVV3rKSB3pISoD5DxHcxnbv1iIGC0	101037	503.0	fix-patch	NW_015148969.1	KQ759762.1	85	109		refseq:NW_015148969.1						101037	50663906	50764943	0.1988	forward		yes	Ensembl
CHR_HG1320_PATCH	HG1320_PATCH	En7SsE1l_o55kA2Q6A9N_hJKGQacvc1f	83207673	DLElNqNwnPqEqCKx3Gwarxv0eLABui9N	56695	1467.6	fix-patch	NW_021160021.1	ML143375.1	98	109	110	ensembl-110	17	81736740	81843202	REGION301	+	56695	81736739	81793434	0.0681	forward	yes	yes	Ensembl
CHR_HG1342_HG2282_PATCH	HG1342_HG2282_PATCH	WDg9h_x_lDWRdNxIe5Ahvl6tDUskBuo8	248929249	PCZLG6Mixcz_kBA9ab_GpVycgOODI-XN	467143	532.9	fix-patch	NW_012132914.1	KQ031383.1	81	109	110	ensembl-110	1	12818488	13312803	PRAME_REGION_1	+	467143	12818487	13285630	0.1877	forward	yes	yes	Ensembl
CHR_HG1362_PATCH	HG1362_PATCH	qaJU7dRDZRIQx8AiYHhcOj3sIv9APwDj	133275314	OtQvHQm1dXg1yBQLrKSA0NySgk4Vt7DY	541038	246.3	fix-patch	NW_011332696.1	KN538369.1	79	109	110	ensembl-110	12	12031003	12572035	REGION206	b	541038	12031002	12572040	0.4060	forward	yes	yes	Ensembl
CHR_HG1384_PATCH	HG1384_PATCH	_-wHefdEAkFXveLyJNcC_Tch2o27z9UX	242195459	tY6tZyD9w0ch_b84g1eK92IoCjm0JkIU	84043	2881.8	fix-patch	NW_021159988.1	ML143342.1	98	109	110	ensembl-110	2	16105575	16187687	REGION275	+	84043	16105574	16189617	0.0347	forward	yes	yes	Ensembl
CHR_HG1395_PATCH	HG1395_PATCH	LACa4FntXxK0Q2hH4qPh0rOvrGyXRhqo	181537525	3p_y8ignSwRgksCbJfi396yo6Kc1oGVa	89956	2018.1	fix-patch	NW_021159996.1	ML143350.1	98	109	110	ensembl-110	5	139409472	139500161	ECSCR	+	89956	139409471	139499427	0.0496	forward	yes	yes	Ensembl
CHR_HG1398_PATCH	HG1398_PATCH	v6dXFmbti5_cUQBC3D0BKanItO9Rdbfi	133274540	c42LICTak7j90jnjtXRPXZPo_b48w8tw	192531	692.2	fix-patch	NW_021160008.1	ML143362.1	98	109	110	ensembl-110	12	7071546	7264845	C1R	+	192531	7071545	7264076	0.1445	forward	yes	yes	Ensembl
CHR_HG142_HG150_NOVEL_TEST	HG142_HG150_NOVEL_TEST	mvoOnywLuotL3UxE9IGEQn_NPuMnYGsq	135094228	OYD_B_tg1ilN4qmMhHMvRUeF_A1SiBFz	200998	672.1	alt-scaffold	NW_003871073.1	JH159136.1	76	109	110	ensembl-110	11	56189252	56382643	OLFACTORY_REGION_1	+	200998	56189251	56390249	0.1488	forward	yes	yes	Ensembl
CHR_HG1445_PATCH	HG1445_PATCH	XUGUGMCRrJzBm2KbR5ogRichLf9k9TsH	135063159	8BUDPm24ChgE_g6f_uhfecB24LVLiAeO	165419	816.5	fix-patch	NW_021160003.1	ML143357.1	98	109	110	ensembl-110	11	87928891	88117772	REGION286	+	165419	87928890	88094309	0.1225	forward	yes	yes	Ensembl
CHR_HG1466_PATCH	HG1466_PATCH	E4n8WjwZJH7U1SwF6kzCM34_qeHCzbLF	155848651	9ZO_AvJ8njC5zz212pghP5iAsS6lFFmc	17435	8938.8	fix-patch	NW_021160031.1	ML143385.1	98	109	110	ensembl-110	X	37081326	37291004	REGION294	+	17435	37081325	37098760	0.0112	forward	yes	yes	Ensembl
CHR_HG1485_PATCH	HG1485_PATCH	yaThpJIqbM9At7-fVboF4SWVDvBFlrfq	50915261	XEk0ayhyK1tYtQr7i6NghpIgJQwIhVij	461303	110.4	fix-patch	NW_021160024.1	ML143378.1	98	109	110	ensembl-110	22	16124788	16489297	REGION292	+	461303	16124787	16586090	0.9060	forward	yes	yes	Ensembl
CHR_HG1506_PATCH	HG1506_PATCH	mO2JrZ0TdBEFcgjOMGmBZpWkyzF4m_qq	155994589	OWcNsNsB5O0Lh2nvdcdAbdodza3Z4qnt	28824	5412.0	fix-patch	NW_021160028.1	ML143382.1	98	109	110	ensembl-110	X	50213756	50288885	REGION295	+	28824	50213755	50242579	0.0185	forward	yes	yes	Ensembl
CHR_HG1507_PATCH	HG1507_PATCH	BalyapF1rqO4TRwhBtqQf37oBhCzFrBo	155996656	UAZY4eFkghuTT98mnLodTtVAKg1c-vcb	68192	2287.6	fix-patch	NW_021160029.1	ML143383.1	98	109	110	ensembl-110	X	114255137	114367567	REGION296	+	68192	114255136	114323328	0.0437	forward	yes	yes	Ensembl
CHR_HG1509_PATCH	HG1509_PATCH	z7RdUm5hKYoKEsHjILFKEC2vZ2eb1h8x	155994530	rAzd4A9cRIS6k0711LPSZg6hdRgSoowm	14678	10627.8	fix-patch	NW_021160030.1	ML143384.1	98	109	110	ensembl-110	X	144422134	144483176	REGION297	+	14678	144422133	144436811	0.0094	forward	yes	yes	Ensembl
CHR_HG151_NOVEL_TEST	HG151_NOVEL_TEST	EuTxfkJDcMTmTBd76GZokY6mxZdbfIb8	135097696	H-FcilbhTd1DIsKaCzkabHWNIc7smIfL	191409	705.8	alt-scaffold	NW_003871074.1	JH159137.1	76	109	110	ensembl-110	11	56693233	56873567	OLFACTORY_REGION_1	+	191409	56693232	56884641	0.1417	forward	yes	yes	Ensembl
CHR_HG1521_PATCH	HG1521_PATCH	15xHu6nUZfkLK3I4iGMn2sPJvpddhIKl	135087279	WiTyZRotU3ada_vBmnSrClq-dFZOfNgq	45257	2984.9	fix-patch	NW_021160002.1	ML143356.1	98	109	110	ensembl-110	11	96542549	96587148	REGION287	+	45257	96542548	96587805	0.0335	forward	yes	yes	Ensembl
CHR_HG1523_PATCH	HG1523_PATCH	5rPHU4PE2DUVGPRuE6EJaKb5wD4N5Zs4	114458500	VJc1GnYxjaKrSmGU6M4rYeRbIOkSy_sE	158944	720.1	fix-patch	NW_021160010.1	ML143364.1	98	109	110	ensembl-110	13	111786909	111851680	REGION289	+	158944	111786908	111945852	0.1389	forward	yes	yes	Ensembl
CHR_HG1524_PATCH	HG1524_PATCH	UZU5sblwr3vUqDjzulLhFGcNWUk2v2mx	114315104	H0EqDk7OqX5z6u86-VAeoe5Qw192bjWm	65394	1748.1	fix-patch	NW_021160011.1	ML143365.1	98	109	110	ensembl-110	13	113649178	113763795	REGION169	+	65394	113649177	113714571	0.0572	forward	yes	yes	Ensembl
CHR_HG1531_PATCH	HG1531_PATCH	IwfFWzWg_2kMY7JffQ7E8zOSfJBzJMPF	57177176	vYGivcOjAdZC6koXWK6onmn2PQ7WMEIi	48370	1182.1	fix-patch	NW_018654725.1	KZ208923.1	92	109	110	ensembl-110	Y	9034110	9132718	REGION259	+	48370	9034109	9082479	0.0846	forward	yes	yes	Ensembl
CHR_HG1535_PATCH	HG1535_PATCH	mmjGpt8JpBNlxibtt_mfCOWt5eqrEP_d	57187419	GRTsxJQTWjeoEjhTSo8IJfkFF_8Dgxdu	209722	272.7	fix-patch	NW_018654726.1	KZ208924.1	92	109	110	ensembl-110	Y	21578942	21828659	REGION260	+	209722	21578941	21788663	0.3667	forward	yes	yes	Ensembl
CHR_HG1651_PATCH	HG1651_PATCH	uCZaGyMim1OaPAMveE5JgzU78DiROE4B	170779650	Avvpq44Px4JqqKqpimVV-f065LoYYq2L	320750	532.4	fix-patch	NW_012132918.1	KQ031387.1	81	109	110	ensembl-110	6	61123605	61470683	REGION211	+	320750	61123604	61444354	0.1878	forward	yes	yes	Ensembl
CHR_HG1708_PATCH	HG1708_PATCH	fBz8JRSvcl8ewlORZ1Xh9ihpL-nJA1OE	135086620	_4_YBe_8JHj49nPVBJckxa_DnVrH1JPP	140877	958.9	fix-patch	NW_017363816.1	KV766195.1	88	109	110	ensembl-110	11	49958373	50099251	OLFACTORY_REGION_4	+	140877	49958372	50099249	0.1043	forward	yes	yes	Ensembl
CHR_HG1815_PATCH	HG1815_PATCH	IoIAQjS3SfgwHHvlc7znQY9XQ5jRgUHu	133281281	R5RneT6OfQpMs0Cq8ECGV57xWhTQYgC4	1046838	127.3	fix-patch	NW_018654718.1	KZ208916.1	92	109	110	ensembl-110	12	1657857	2698722	REGION253	+	1046838	1657856	2704694	0.7854	forward	yes	yes	Ensembl
CHR_HG1817_1_PATCH	HG1817_1_PATCH	r6AKg_ee8dBIQgYEy7Me8F7QCQFiPANx	114369395	lNnBsvFHABnWdtwikLVfK8r4b53p680P	7309	15647.7	fix-patch	NW_021160009.1	ML143363.1	98	109	110	ensembl-110	13	86200738	86202979	REGION197	+	7309	86200737	86208046	0.0064	forward	yes	yes	Ensembl
CHR_HG1832_PATCH	HG1832_PATCH	EpV04KNw8say8CCnFZDrBcSvTFbv4AvH	248959779	PDHlEwA6LWniFsEDAFyiZrnuV1KQMNQ6	460100	541.1	fix-patch	NW_011332687.1	KN538360.1	79	109	110	ensembl-110	1	210220259	210677001	REGION199	+	460100	210220258	210680358	0.1848	forward	yes	yes	Ensembl
CHR_HG1_PATCH	HG1_PATCH	aUEp49ph2hoGv1-WUiX9M2ljg8RT0LCi	107043717	zUeHGco1zUlRSgTThzKMCofT3WSm_niU	690932	154.9	fix-patch	NW_018654722.1	KZ208920.1	92	109	110	ensembl-110	14	23699022	24389954	REGION256	+	690932	23699021	24389953	0.6455	forward	yes	yes	Ensembl
CHR_HG2002_PATCH	HG2002_PATCH	gdhVZrcqTg4AxS4j4vtyVoRfqqR4fTQC	248942227	uMTw3fZv2y5o2sUgBCgMCKs0K8iYJ9ax	330031	754.3	fix-patch	NW_018654708.1	KZ208906.1	92	109	110	ensembl-110	1	228408802	228753027	RNA5S_REGION_1	+	330031	228408801	228738832	0.1326	forward	yes	yes	Ensembl
CHR_HG2021_PATCH	HG2021_PATCH	LHbLvAVFwru5O1QfEDTP8vhwDjGNf_rl	58632883	u4LpdUe2hzZOZdMG9rQX4XyjCxsR_ZjF	370917	158.1	fix-patch	NW_009646206.1	KN196484.1	79	109	110	ensembl-110	19	39740125	40095774	FCGBP	+	370917	39740124	40111041	0.6326	forward	yes	yes	Ensembl
CHR_HG2022_PATCH	HG2022_PATCH	sKvVWYC6f5uucwXboakWuJ9-XwQcE-l6	198295941	L3_xtHRmcCpfk_z-08-lAvIl-rulVucQ	305979	648.1	fix-patch	NW_009646198.1	KN196476.1	79	109	110	ensembl-110	3	91247723	91553319	REGION191	+	284852	91247722	91553701	0.1436	forward	yes	yes	Ensembl
CHR_HG2023_PATCH	HG2023_PATCH	v39Igvql8iI_P7kAiZFlue8aJ5DRKTT1	190147504	cqJh25ufN0l2k7PZAg2Dsccqbg56IV0v	230434	825.2	fix-patch	NW_015495300.1	KQ983257.1	85	109	110	ensembl-110	4	189907071	190204555	REGION134	+	230434	189907070	190137504	0.1212	forward	yes	yes	Ensembl
CHR_HG2030_PATCH	HG2030_PATCH	m6RR4Ad4N_ftan9qZK9kjwVomNCTNiuF	138394865	VuOtXEQjZsKK1lFSrumJAoYn65tOwcXG	330164	419.2	fix-patch	NW_009646201.1	KN196479.1	79	109	110	ensembl-110	9	133174055	133504070	ABO	+	330164	133174054	133504218	0.2386	forward	yes	yes	Ensembl
CHR_HG2046_PATCH	HG2046_PATCH	Q2taFW8yW-z6_XQLU6hD8XiQNLz1_NEt	83257439	NFQV6SGq4tiytMeSfDNyRMAujo64DcWE	154723	538.1	fix-patch	NW_016107299.1	KV575245.1	88	109	110	ensembl-110	17	7379544	7534268	POLR2A	+	154723	7379543	7534266	0.1858	forward	yes	yes	Ensembl
CHR_HG2047_PATCH	HG2047_PATCH	D2q0ii9K1AFvHem55ES5xINc_vBJeyfk	133275304	f-H_A5f6v-vLoA3asYHHhwQMEHwQBnLT	64689	2060.2	fix-patch	NW_018654719.1	KZ208917.1	92	109	110	ensembl-110	12	121594225	121658918	REGION254	+	64689	121594224	121658913	0.0485	forward	yes	yes	Ensembl
CHR_HG2057_PATCH	HG2057_PATCH	gOvVvVQf7SmNVQnoaMMS5i6Csvd_mFrH	170805979	uPPYEftnFW-FEYj-53QgmA42KyipKVGu	242796	703.5	fix-patch	NW_018654713.1	KZ208911.1	92	109	110	ensembl-110	6	10489117	10731912	GCNT2	+	242796	10489116	10731912	0.1421	forward	yes	yes	Ensembl
CHR_HG2058_PATCH	HG2058_PATCH	ABL1vpe8at9jgVzW4P_cNeSMHsoI_0Zq	248956422	bVsl94VOrZBXFTFLeD9W_eeJRfWZTphb	166200	1497.9	fix-patch	NW_009646195.1	KN196473.1	79	109	110	ensembl-110	1	26512383	26678582	REGION189	b	166200	26512382	26678582	0.0668	forward	yes	yes	Ensembl
CHR_HG2060_PATCH	HG2060_PATCH	qjGKaPjUDpnJoWO69ES-puk_S-sHjXu7	135086593	drvX0UnkTer5ME8CLnCt3-hMrl1AqPmP	305244	442.6	fix-patch	NW_019805495.1	KZ559108.1	92	109	110	ensembl-110	11	49535823	49841095	REGION270	+	305244	49535822	49841066	0.2260	forward	yes	yes	Ensembl
CHR_HG2062_PATCH	HG2062_PATCH	2wuYlO4JSw9mXeYugk6HKnAYgt7tEqsA	57262172	HSdDOEDaOKMxYamCcCC0I0KrhifJm-fB	101150	566.1	fix-patch	NW_009646209.1	KN196487.1	79	109	110	ensembl-110	Y	56821510	56887902	REGION198	+	101150	56821509	56922659	0.1766	forward	yes	yes	Ensembl
CHR_HG2063_PATCH	HG2063_PATCH	GyaUK4rWGRXOOekA2kBECE78Gra2PQeS	133275140	DCdRN3-Ni13OTCuWfYMLMKNOSa7mqoTy	315610	422.3	fix-patch	NW_015148967.1	KQ759760.1	85	109	110	ensembl-110	12	86768210	87083988	REGION232	b	315610	86768209	87083819	0.2368	forward	yes	yes	Ensembl
CHR_HG2066_PATCH	HG2066_PATCH	enQntnKb9X796i868SLkuumGnH2GtVnh	198295555	hpYNJerlQ6e43IR-Gw_ThjEntqFqRYLB	451168	439.5	fix-patch	NW_009646197.1	KN196475.1	79	109	110	ensembl-110	3	44474647	44925818	REGION192	b	451168	44474646	44925814	0.2275	forward	yes	yes	Ensembl
CHR_HG2067_PATCH	HG2067_PATCH	5H6R1Yb4S7JzeLbj6hj3eujLtr30GVIm	145144434	8P-T8Cpj72c77VPUDkjDL5mCww6eal51	156998	924.5	fix-patch	NW_017852931.1	KV880766.1	88	109	110	ensembl-110	8	57022151	57173350	REGION244	+	156998	57022150	57179148	0.1082	forward	yes	yes	Ensembl
CHR_HG2068_PATCH	HG2068_PATCH	zL2po_3eTo0uHPlCfikEXlQ5tHoV2TCx	145140411	wuFyo-Ap5nIw_Tv9hDTiqVvdsiEZHgrW	265876	545.9	fix-patch	NW_017852932.1	KV880767.1	88	109	110	ensembl-110	8	21395510	21659610	REGION243	+	265876	21395509	21661385	0.1832	forward	yes	yes	Ensembl
CHR_HG2072_PATCH	HG2072_PATCH	OBkOJlsNMFrdW4XJpfq8w_GZ31SiBOO1	170816182	KeB-YBtdu3X-mg4yWlAgqALBdTJvuBgt	245716	695.2	fix-patch	NW_013171802.1	KQ090016.1	83	109	110	ensembl-110	6	82140389	82375901	REGION214	+	245716	82140388	82386104	0.1438	forward	yes	yes	Ensembl
CHR_HG2087_PATCH	HG2087_PATCH	6ka1uMTvMWe1S8-YNmoxhUQ3UTttOoiJ	83260478	L4F39SiGc4xqeVVBuijt96_pv9Y9XVBa	137908	603.7	fix-patch	NW_021160020.1	ML143374.1	98	109	110	ensembl-110	17	7244673	7379543	REGION300	+	137908	7244672	7382580	0.1656	forward	yes	yes	Ensembl
CHR_HG2088_PATCH	HG2088_PATCH	8w0WeQGKx_YVw7pCGwMR3eXxFy3wO7SX	159351667	QXxro8JG-d33gD0bFENa1lv1VliefHTk	142129	1121.2	fix-patch	NW_017852929.1	KV880764.1	88	109	110	ensembl-110	7	99092372	99228806	REGION241	+	142129	99092371	99234500	0.0892	forward	yes	yes	Ensembl
CHR_HG2095_PATCH	HG2095_PATCH	Mw_Nv62TCYMccLI7FsaaFY4Ks4xmalnQ	248959131	opYAgDSAMNqyXjXQj6tEC8lhJrAXiYKU	305542	814.8	fix-patch	NW_011332688.1	KN538361.1	79	109	110	ensembl-110	1	17157487	17460319	REGION200	+	305542	17157486	17463028	0.1227	forward	yes	yes	Ensembl
CHR_HG2104_PATCH	HG2104_PATCH	cK7ZkrAbNFRxzrZqBUHQNRWmlsJvYfg6	248958259	NJEhfosbXkf0Clji9XFpj1GGZPMyuo7A	122022	2040.3	fix-patch	NW_009646196.1	KN196474.1	79	109	110	ensembl-110	1	112909422	113029606	REGION190	+	122022	112909421	113031443	0.0490	forward	yes	yes	Ensembl
CHR_HG2111_PATCH	HG2111_PATCH	uj6cUWOsBy1IfaKyONZVQ-o3aVWIjWcF	135089248	FAeUXgfx0tFqxQrKX46yYoCt5r2Z2t_I	170928	790.3	fix-patch	NW_021160006.1	ML143360.1	98	109	110	ensembl-110	11	18251175	18419476	REGION288	+	170928	18251174	18422102	0.1265	forward	yes	yes	Ensembl
CHR_HG2114_PATCH	HG2114_PATCH	p5mC6PJ4d2jgCLVYWoyhZZLr4x8M8SMs	135091163	6ydx9xnUYDBZvWP90BZgAsNj7yQ6MceR	279644	483.1	fix-patch	NW_019805496.1	KZ559109.1	92	109	110	ensembl-110	11	47572175	47847277	REGION269	+	279644	47572174	47851818	0.2070	forward	yes	yes	Ensembl
CHR_HG2115_PATCH	HG2115_PATCH	tLcjMgm8nmuZv5I5F0v0-IkBy0YOy929	135092089	_kfMblqMyxdcssmtn4Sd3WmskPGs4osg	217075	622.3	fix-patch	NW_021160005.1	ML143359.1	98	109	110	ensembl-110	11	70244180	70455787	PPFIA1	+	217075	70244179	70461254	0.1607	forward	yes	yes	Ensembl
CHR_HG2116_PATCH	HG2116_PATCH	sBsNi5XeH99ixHyJf3AfPo3ffxIa0IKO	135090698	IWHcK4GnT33DD296TjnrpyRGKcdICgy7	181958	742.4	fix-patch	NW_013171808.1	KQ090022.1	83	109	110	ensembl-110	11	92232311	92410192	REGION215	+	181958	92232310	92414268	0.1347	forward	yes	yes	Ensembl
CHR_HG2121_PATCH	HG2121_PATCH	lrGESkfnZaWt2KTId1hSyoUsUnUlEfq3	170808322	5sB68JnfJ-RrzKuRhGMBmqclJCf4N4e9	139427	1225.1	fix-patch	NW_017363815.1	KV766194.1	98	109	110	ensembl-110	6	89804656	89941739	CASP8AP2	+	139427	89804655	89944082	0.0816	forward	yes	yes	Ensembl
CHR_HG2128_PATCH	HG2128_PATCH	7pAVfsSphO9Rkvj10_htm3QJRn_0Tlls	170811684	UyxsvTtUuoWL6bzKNkjGDnZbk_Nd3DsW	268330	636.6	fix-patch	NW_009646200.1	KN196478.1	79	109	110	ensembl-110	6	67533466	67796090	REGION194	+	268330	67533465	67801795	0.1571	forward	yes	yes	Ensembl
CHR_HG2133_PATCH	HG2133_PATCH	1kG6Sp-UAZ0jHg-m41g_R9GWINTdRz3u	198299611	Aqs_SCwyI2LwxTIG4jElAkANjmGUYX9t	105527	1879.1	fix-patch	NW_019805491.1	KZ559104.1	92	109	110	ensembl-110	3	94896163	94997637	REGION262	+	105527	94896162	95001689	0.0532	forward	yes	yes	Ensembl
CHR_HG2191_PATCH	HG2191_PATCH	qaj5KdQPn9ZOznjsWs1z73LeqzdKAYdw	133799479	UepB3ReTHFb05EyyMSYK0_fLR0Zii1fm	277797	481.6	fix-patch	NW_009646202.1	KN196480.1	79	109	110	ensembl-110	10	74797382	75073121	REGION195	+	277797	74797381	75075178	0.2076	forward	yes	yes	Ensembl
CHR_HG2198_PATCH	HG2198_PATCH	o-Ii_oimdF_GevOZheutkmV30KVzvTG0	101993033	TBKbXQKps5G_wAYdOLhUM_s5fX9BQa9D	369264	276.2	fix-patch	NW_021160016.1	ML143370.1	98	109	110	ensembl-110	15	74172576	74539995	REGION299	+	369264	74172575	74541839	0.3620	forward	yes	yes	Ensembl
CHR_HG2213_PATCH	HG2213_PATCH	wbZKPN4Q07aZVTspmBpedy8crdIgxKn4	80377536	UyTAK39o5bxglO8edZ6L1Z2qe_mJR1Hw	407387	197.3	fix-patch	NW_013171814.1	KQ090028.1	83	109	110	ensembl-110	18	48514982	48918117	CTIF	+	407387	48514981	48922368	0.5068	forward	yes	yes	Ensembl
CHR_HG2216_PATCH	HG2216_PATCH	LPwL1yoTtHJO-vl8MnccRikfjMq6LFlf	114376428	Pizi_nlcE6FH4AtMCrLS3iVI37C45YCq	35455	3226.0	fix-patch	NW_009646205.1	KN196483.1	79	109	110	ensembl-110	13	86269523	86292877	REGION197	+	35455	86269522	86304977	0.0310	forward	yes	yes	Ensembl
CHR_HG2217_PATCH	HG2217_PATCH	sNCA-WKm_UCid70dCSNqZlSdMsp_5URQ	135086621	OvGni9NX_6ZLAvJ3XpAegA_g3A66mlPc	108875	1240.7	fix-patch	NW_009646203.1	KN196481.1	79	109	110	ensembl-110	11	118978401	119087276	SLC37A4	+	108875	118978400	119087275	0.0806	forward	yes	yes	Ensembl
CHR_HG2232_PATCH	HG2232_PATCH	HTs2cXnOfgLM52WdjB5lVCXv6bK9Q3cN	242193529	rm7vpqvFK5SlruN5X2AjrRWJF-uNl_i_	365499	662.6	fix-patch	NW_011332690.1	KN538363.1	79	109	110	ensembl-110	2	233054663	233420161	REGION201	+	365499	233054662	233420161	0.1509	forward	yes	yes	Ensembl
CHR_HG2233_PATCH	HG2233_PATCH	Tbx1Sl5mmOdFI-8LA4jF1rL-lzywqx-y	242193535	ar22vzfd7p63Yz3nL6GmooUNIogqxO3W	208149	1163.6	fix-patch	NW_011332689.1	KN538362.1	79	109	110	ensembl-110	2	239696904	239905046	REGION202	+	208149	239696903	239905052	0.0859	forward	yes	yes	Ensembl
CHR_HG2235_PATCH	HG2235_PATCH	HSWWHsdvvklYoKH3jdGWjNmyaW7a_QNo	198295655	eIiG512nXZrzKW-I4mg8SzR3vpSmN77n	373699	530.6	fix-patch	NW_012132916.1	KQ031385.1	81	109	110	ensembl-110	3	66023201	66396803	SLC25A26	+	373699	66023200	66396899	0.1885	forward	yes	yes	Ensembl
CHR_HG2236_PATCH	HG2236_PATCH	cfdwBcS2LjWTGtMPLDJPQJvRMcrFP_5A	198295537	_T5WvFaD1CmGtx0fNnVCA5yS-swzlMDH	411654	481.7	fix-patch	NW_017363813.1	KV766192.1	88	109	110	ensembl-110	3	16687511	17099186	REGION235	+	411654	16687510	17099164	0.2076	forward	yes	yes	Ensembl
CHR_HG2237_PATCH	HG2237_PATCH	ki7NE9Hoe7XGZ9ObRpVmFS0PjFj7DDjE	198290329	DAfzypKt7OjHzqUWDxxP64amAxG9ClWC	165718	1196.6	fix-patch	NW_012132917.1	KQ031386.1	81	109	110	ensembl-110	3	90528825	90699772	REGION210	+	165718	90528824	90694542	0.0836	forward	yes	yes	Ensembl
CHR_HG2239_PATCH	HG2239_PATCH	dDBqjeZ6qms55DPACVNsXQRZHeFGOJ0-	159345319	EtX7Jws_IE7tzrgs4fcVlEesWjfNR4Lk	179932	885.6	fix-patch	NW_012132919.1	KQ031388.1	81	109	110	ensembl-110	7	154422352	154602937	REGION212	+	179932	154422351	154602283	0.1129	forward	yes	yes	Ensembl
CHR_HG2241_PATCH	HG2241_PATCH	mgvBqId7vZgG0vMDq8CV8iB_07A2yYrw	133792722	-n4QugZEYfsllu6iUWbCN3DpXb1EVAs_	14347	9325.5	fix-patch	NW_011332692.1	KN538365.1	79	109	110	ensembl-110	10	131588434	131607480	REGION203	+	14347	131588433	131602780	0.0107	forward	yes	yes	Ensembl
CHR_HG2242_HG2243_PATCH	HG2242_HG2243_PATCH	VObosnS5kCc3h5dLQ8PnclzhQ6GADS8U	133797297	RDbWhTO-MhuPCSxWHME1Eu1XYTqNPt3W	85284	1568.8	fix-patch	NW_011332693.1	KN538366.1	79	109	110	ensembl-110	10	124109957	124195365	REGION204	+	85284	124109956	124195240	0.0637	forward	yes	yes	Ensembl
CHR_HG2244_HG2245_PATCH	HG2244_HG2245_PATCH	8s69fiC2FK49NnBTq1hQ4TQt4QGaCWZ0	133797425	6N5BDfMkIQploy_K36idEPLtnyqFNz4d	420164	318.4	fix-patch	NW_011332694.1	KN538367.1	79	109	110	ensembl-110	10	38918270	39338430	REGION205	+	420164	38918269	39338433	0.3140	forward	yes	yes	Ensembl
CHR_HG2246_HG2248_HG2276_PATCH	HG2246_HG2248_HG2276_PATCH	xq2kbTMVfHDGJUy6gfyemWZwnxm_7I-y	133274640	4noAHMjQF-f6iAMi_Cr0DWuxHOTf1Lpf	297568	447.9	fix-patch	NW_021160007.1	ML143361.1	98	109	110	ensembl-110	12	132092972	132391208	GALNT9	+	297568	132092971	132390539	0.2233	forward	yes	yes	Ensembl
CHR_HG2247_PATCH	HG2247_PATCH	Gs9rt4OGPP0Pr_oSTIbQXiqpt0RplsdG	133274000	D-tr8gGn9BUTS9h6u__gLsXJuBotJ-Rs	86533	1540.2	fix-patch	NW_011332697.1	KN538370.1	79	109	110	ensembl-110	12	122057735	122145576	REGION207	+	86533	122057734	122144267	0.0649	forward	yes	yes	Ensembl
CHR_HG2249_PATCH	HG2249_PATCH	bEwTwAw4eXD1iA2_9IlwUkBgPAlhcPk8	114364211	9Udpi3LGTDSu7lh7Cedf8bzNaHlcLlsS	148762	768.8	fix-patch	NW_011332700.1	KN538373.1	79	109	110	ensembl-110	13	100900735	101049613	REGION208	+	148762	100900734	101049496	0.1301	forward	yes	yes	Ensembl
CHR_HG2263_PATCH	HG2263_PATCH	MOeXff3SG7GOUDAOFcvaVXiiQnCAY0dD	90338583	1T3aeLCvbWuhBdqNgAzCDM7IFzmsSJ1c	480415	188.0	fix-patch	NW_019805500.1	KZ559113.1	92	109	110	ensembl-110	16	16998740	17478916	FRA16A	+	480415	16998739	17479154	0.5318	forward	yes	yes	Ensembl
CHR_HG2266_PATCH	HG2266_PATCH	1z_5yEAFtJTT-nIYcdgPM974zjwQL0fy	159346106	Uqc91QI0eGYIMGyuDmcjTzKgLA9f443-	468267	340.3	fix-patch	NW_017852930.1	KV880765.1	88	109	110	ensembl-110	7	107154479	107622612	REGION242	b	468267	107154478	107622745	0.2939	forward	yes	yes	Ensembl
CHR_HG2285_HG106_HG2252_PATCH	HG2285_HG106_HG2252_PATCH	ALkM8vJEFfp2YFfDOLAPXmCQ5CRJQd9Y	83219555	jWaAx1wcuEkJvoANWcEAe1qUSwHhSj44	281919	295.2	fix-patch	NW_017363817.1	KV766196.1	88	109	110	ensembl-110	17	402638	722442	RFLNB	+	281919	402637	684556	0.3388	forward	yes	yes	Ensembl
CHR_HG2288_HG2289_PATCH	HG2288_HG2289_PATCH	sLnz5mQ9VUe5YQ5Clo9JZpesn6wQZT0h	114360394	-JqhdzU4Frl4ZgpiZl2592WMY7Ey-qML	206320	554.3	fix-patch	NW_011332698.1	KN538371.1	79	109	110	ensembl-110	13	113936976	114147229	REGION209	+	206320	113936975	114143295	0.1804	forward	yes	yes	Ensembl
CHR_HG2290_PATCH	HG2290_PATCH	tTSAKHzbXvoZk0NSXkAbFbRufwfOuPwT	242235269	Bco9U3TNo0mvnDJhZa6VYTkp2Kizn7du	481245	503.4	fix-patch	NW_012132915.1	KQ031384.1	81	109	110	ensembl-110	2	88891175	89330679	IGK	+	481245	88891174	89372419	0.1987	forward	yes	yes	Ensembl
CHR_HG2291_PATCH	HG2291_PATCH	M8URHx4VeDaz5uwR9HyUpqLui4by0BeN	114534236	AW3_agYQKORGadAPefEqezGSu1xR3diS	356766	321.0	fix-patch	NW_011332699.1	KN538372.1	79	109	110	ensembl-110	13	18171249	18358106	BAGE5	+	356766	18171248	18528014	0.3115	forward	yes	yes	Ensembl
CHR_HG2334_PATCH	HG2334_PATCH	wFz6puAF5ZwywBF2sbD07MWnnKqCvp44	133797389	107vG-nFYi9RFJu0kd5WcCrSqUtpfqeT	264545	505.8	fix-patch	NW_013171807.1	KQ090021.1	83	109	110	ensembl-110	10	87784179	88048756	PTEN	+	264545	87784178	88048723	0.1977	forward	yes	yes	Ensembl
CHR_HG2365_PATCH	HG2365_PATCH	qkAhZy6YjZv0TmyrBMwjlW9-mf8HCjQc	102714182	yGWb9hhURVuIojy_3UDIicdMEcpUM4C8	5500449	18.7	fix-patch	NW_021160017.1	ML143371.1	98	109	110	ensembl-110	15	19775255	24552710	PRADER_WILLI	+	5500449	19775254	25275703	5.3551	forward	yes	yes	Ensembl
CHR_HG23_PATCH	HG23_PATCH	2jV1d6HX73ALYgnpUsct3FCfRUHLD6s3	133275184	Sgh2s11rMsY_tF6KAs7KvX3tYfnBfebX	211377	630.5	fix-patch	NW_009646204.1	KN196482.1	79	109	110	ensembl-110	12	17717409	17928910	REGION196	b	211377	17717408	17928785	0.1586	forward	yes	yes	Ensembl
CHR_HG2412_PATCH	HG2412_PATCH	5Xdsw0JGIl-5cccvlCjq15CHJZG55OVT	80373284	3QOFiIebWH-ZMoa9O3sF5gm4w3v1EfRN	230843	348.2	fix-patch	NW_019805502.1	KZ559115.1	92	109	110	ensembl-110	18	45379886	45610729	SLC14A2_AS1	+	230843	45379885	45610728	0.2872	forward	yes	yes	Ensembl
CHR_HG2419_PATCH	HG2419_PATCH	pcuW9bAtSa2xpqlmpVokzCvkiWej_Eo2	145138635	QC-noPvP30v24JwbbeisJC0pUQMuTcet	165120	879.0	fix-patch	NW_018654716.1	KZ208914.1	92	109	110	ensembl-110	8	144269398	144434518	SLC39A4	+	165120	144269397	144434517	0.1138	forward	yes	yes	Ensembl
CHR_HG2442_PATCH	HG2442_PATCH	26WaAXOn1J2mF8PaCrnEhSwlNgU8ep52	80379182	kbQva8OnqAAHGcDu8TWE6qfpSlKmgE62	93070	863.6	fix-patch	NW_018654724.1	KZ208922.1	92	109	110	ensembl-110	18	70423088	70510260	REGION258	+	93070	70423087	70516157	0.1158	forward	yes	yes	Ensembl
CHR_HG2471_PATCH	HG2471_PATCH	zbkoMUQa2n1zSRUKp9MaKELqVsb5Y-a5	90341128	EgUHoQldIHMk2ztQUBeWh_T1GwjCLZUS	270967	333.4	fix-patch	NW_021160019.1	ML143373.1	98	109	110	ensembl-110	16	24749301	25017484	SLC5A11	+	270967	24749300	25020267	0.2999	forward	yes	yes	Ensembl
CHR_HG2499_PATCH	HG2499_PATCH	pfWM7JVty3c5GOfLIH8a9dffpLiT9pnY	102001626	p57p9owyB34zNwGQ0qJh-Vnat9Ay8JgN	97763	1043.4	fix-patch	NW_021160015.1	ML143369.1	98	109	110	ensembl-110	15	101893864	101981189	REGION303	+	97763	101893863	101991626	0.0958	forward	yes	yes	Ensembl
CHR_HG2509_PATCH	HG2509_PATCH	ekRCrTxfkdljIR2urpgdf8mr9gnD3cK-	114364327	I_TwwIHOdzZmjTK0KFzFw4LEUC9QZghc	409912	279.0	fix-patch	NW_021160012.1	ML143366.1	98	109	110	ensembl-110	13	15590088	16000000	NOR_CHR_13	+	409912	15590087	15999999	0.3584	forward	yes	yes	Ensembl
CHR_HG2510_PATCH	HG2510_PATCH	KGVk4yOolBm7wJDSp3mw-rMvmd7cneuV	107043717	eI_mxghb0pHqqcK6j6F2vyF6RVEwJQwq	399183	268.2	fix-patch	NW_021160013.1	ML143367.1	98	109	110	ensembl-110	14	15600817	16000000	NOR_CHR_14	+	399183	15600816	15999999	0.3729	forward	yes	yes	Ensembl
CHR_HG2511_PATCH	HG2511_PATCH	ATjj2w9-L4Cc2NETsSgD4B6n01AzmzC5	101991188	ID0riHj0oqeBk-iAxR4whHGBAY9aMCDw	396515	257.2	fix-patch	NW_021160018.1	ML143372.1	98	109	110	ensembl-110	15	16603485	17000000	NOR_CHR_15	+	396515	16603484	16999999	0.3888	forward	yes	yes	Ensembl
CHR_HG2512_PATCH	HG2512_PATCH	zUfhJe2SO7uNpH9WxCHHBCnZ0Bdsgwj1	50818467	93yCqogSYsbXlSAmIaAH5EDRbgMl_a-u	412368	123.2	fix-patch	NW_021160026.1	ML143380.1	98	109	110	ensembl-110	22	10097632	10510000	NOR_CHR_22	+	412368	10097631	10509999	0.8115	forward	yes	yes	Ensembl
CHR_HG2513_PATCH	HG2513_PATCH	c1xgI13SJG_nNAU-95-XWw5LL90K19ew	47068079	CpNhUqA64G3gkebgue20hG8izl-DTdl7	519485	90.6	fix-patch	NW_021160023.1	ML143377.1	98	109	110	ensembl-110	21	8310972	8472360	NOR_CHR_21	+	519485	8310971	8830456	1.1037	forward	yes	yes	Ensembl
CHR_HG2525_PATCH	HG2525_PATCH	8sQhv_AMTMlw25Moi5VtKxRjHYcpo4DS	190293418	zeW_1gOqSMNGfmRYURFvWxkpkLp_fo2Y	341066	557.9	fix-patch	NW_021159991.1	ML143345.1	98	109	110	ensembl-110	4	49074722	49336924	REGION281	+	341066	49074721	49415787	0.1792	forward	yes	yes	Ensembl
CHR_HG26_PATCH	HG26_PATCH	jS1cckWYPXjbaBYjczG9SQDQ_-35UiB3	58617652	imcbhKbAZY295QiLTTU_oX7dLYqpsvES	405389	144.6	fix-patch	NW_014040929.1	KQ458386.1	83	109	110	ensembl-110	19	38590365	38995717	REGION231	b	405389	38590364	38995753	0.6916	forward	yes	yes	Ensembl
CHR_HG28_PATCH	HG28_PATCH	KV7Esk6MGp61V706m-GmibRoNabfF3JA	135088641	VMPBTWjaBVhskw5NVlpY05R0bmfmB5uj	270122	500.1	fix-patch	NW_021160004.1	ML143358.1	98	109	110	ensembl-110	11	1809498	2077600	REGION302	b	270122	1809497	2079619	0.2000	forward	yes	yes	Ensembl
CHR_HG30_PATCH	HG30_PATCH	ELprjgXDemIIdEvGK3_9it-4Lppvv0WI	181539112	Yrk3bLI8M4yIdQXzfdEi_SR4hSBytDw-	673059	269.7	fix-patch	NW_016107298.1	KV575244.1	88	109	110	ensembl-110	5	179235294	179907499	REGION234	b	673059	179235293	179908352	0.3708	forward	yes	yes	Ensembl
CHR_HG439_PATCH	HG439_PATCH	kjsS5dbNNpzNwZTiliD7LLwxzgE9z1rK	155960230	yIC0B2D-xQ8LcONLQZL6LNkvYXgUNkKi	403128	386.9	fix-patch	NW_021160027.1	ML143381.1	98	109	110	ensembl-110	X	120599933	121083725	CT47_REGION	+	403128	120599932	121003060	0.2585	forward	yes	yes	Ensembl
CHR_HG460_PATCH	HG460_PATCH	gIgvu2nhcr_jE4_fVu0TysuUzTN_dDeY	248955838	ydLLkcdvknEEvKaOdJLhxMsxCfQSfTVx	44955	5537.9	fix-patch	NW_019805487.1	KZ559100.1	92	109	110	ensembl-110	1	29545040	29590578	REGION261	+	44955	29545039	29589994	0.0181	forward	yes	yes	Ensembl
CHR_HG494_PATCH	HG494_PATCH	E4NXiCtI_7Yp7T1RufOfRTp2CGsj867e	50818473	0kZPOQNjaVO6VZb-IgHfE0HQCHfLPTzL	12295	4133.3	fix-patch	NW_021160025.1	ML143379.1	98	109	110	ensembl-110	22	49970785	49983074	REGION293	+	12295	49970784	49983079	0.0242	forward	yes	yes	Ensembl
CHR_HG545_PATCH	HG545_PATCH	gKp1EdvIceWDw76D4PXdgZi6OeQDk84Z	133833661	dyw6vcTCNQc46v-0sY9LxBvdiFJnTTI_	454963	294.2	fix-patch	NW_021160000.1	ML143354.1	98	109	110	ensembl-110	10	38363173	38781896	REGION290	+	454963	38363172	38818135	0.3399	forward	yes	yes	Ensembl
CHR_HG563_PATCH	HG563_PATCH	aohYbX1oX6FWB8xPj2GaWPHx6UhgqSPK	170759097	68ak6OjZQgVlZZvp9PVl2RtpiQjot12p	73265	2330.7	fix-patch	NW_021159997.1	ML143351.1	98	109	110	ensembl-110	6	95012984	95133130	REGION284	+	73265	95012983	95086248	0.0429	forward	yes	yes	Ensembl
CHR_HG613_PATCH	HG613_PATCH	m1MV-mj3Xo-hrRgkbZeWGvuKwhoSpi9i	138394874	tAr3lIwwIwh7X9bvX_F9wpHRaq0IMagT	25408	5446.9	fix-patch	NW_021159999.1	ML143353.1	98	109	110	ensembl-110	9	134176072	134201322	REGION285	+	25408	134176071	134201479	0.0184	forward	yes	yes	Ensembl
CHR_HG699_PATCH	HG699_PATCH	HDu2pcXDYr6eowMayKs1NQ69We0ii7ZS	190211220	rnoH-XyxDQW4LyH_BzXEvqeECIM22M2K	235734	806.9	fix-patch	NW_021159990.1	ML143344.1	98	109	110	ensembl-110	4	1421767	1660835	REGION282	+	235734	1421766	1657500	0.1239	forward	yes	yes	Ensembl
CHR_HG705_PATCH	HG705_PATCH	YjmHz3uGDQ6skAXyjbSGMj4t96a2FeuX	190172551	3wswsZ80u5wXFlCIaHHdzkLiqO_pUFNZ	276109	688.8	fix-patch	NW_021159995.1	ML143349.1	98	109	110	ensembl-110	4	58666869	58984981	REGION283	+	276109	58666868	58942977	0.1452	forward	yes	yes	Ensembl
CHR_HG708_PATCH	HG708_PATCH	P_aS3E6THIcTiJIcFBaJqRtEe37GgjBM	159270839	N9jZQAypUF2u2K4cZ5QLIC_m837GlZWD	589656	270.1	fix-patch	NW_018654714.1	KZ208912.1	92	109	110	ensembl-110	7	143380637	144045426	REGION252	+	589656	143380636	143970292	0.3702	forward	yes	yes	Ensembl
CHR_HG721_PATCH	HG721_PATCH	yZ6hw-EHGv2uSh15jGhOrjHNdDvtqtDT	242194216	HpEba2o5EFl1eujxAqdHKe5BVNn4uiFA	145975	1659.1	fix-patch	NW_021159987.1	ML143341.1	98	109	110	ensembl-110	2	238772758	238918045	REGION276	+	145975	238772757	238918732	0.0603	forward	yes	yes	Ensembl
CHR_HG76_PATCH	HG76_PATCH	AcENwJLrOJULOF7wW0KszUkTFGEUZSKJ	144938989	s-QDGEPhD5t04v81eRD_emswfRu9Ms-R	6367528	22.8	fix-patch	NW_018654717.1	KZ208915.1	92	109	110	ensembl-110	8	6604731	13171905	DEFENSIN_REGION_1	b	6367428	6604730	12972258	4.3932	forward	yes	yes	Ensembl
CHR_HG926_PATCH	HG926_PATCH	K0pxTe-fLLW5VzCDbFbmIQ3mUV8xjCFh	90680781	2AGET3J8zkZ9HEv4cG4ScP-NutKe6h8X	1927115	47.1	fix-patch	NW_017852933.1	KV880768.1	88	109	110	ensembl-110	16	21176310	22760988	REGION245	b	1927115	21176309	23103424	2.1252	forward	yes	yes	Ensembl
CHR_HG986_PATCH	HG986_PATCH	tbtTaVPy7DCnu53qOX6ivS8gHJu7JmN_	248956639	LC59fAoi6UFWLyW2GsNb5HqP3qd2eBIH	186494	1334.9	fix-patch	NW_009646194.1	KN196472.1	79	109	110	ensembl-110	1	41250328	41436604	FOXO6	+	186494	41250327	41436821	0.0749	forward	yes	yes	Ensembl
CHR_HSCHR10_1_CTG1	HSCHR10_1_CTG1	d_REiL59aJd6cQXsjN0axnZ9779p51td	133844722	ijki8zwyFOmILREuoZz7EKaDeJo6hzK6	179254	746.7	alt-scaffold	NW_003315934.1	GL383545.1	76	109	110	ensembl-110	10	27285655	27417608	REGION16	+	179254	27285654	27464908	0.1339	forward	yes	yes	Ensembl
CHR_HSCHR10_1_CTG2	HSCHR10_1_CTG2	yO-H7wdcz94XDwYxN0ftb5gjvC4ehMxi	133813485	b5d7dSEHLxpJni97NTBxDyUvjPeOpikI	309802	431.9	alt-scaffold	NW_003315935.1	GL383546.1	76	109	110	ensembl-110	10	45175233	45468971	REGION18	+	309802	45175232	45485034	0.2315	forward	yes	yes	Ensembl
CHR_HSCHR10_1_CTG3	HSCHR10_1_CTG3	9uGvCKpIzlFQzmxR2HEiZl2CpZuoQdNt	133783218	LQAI8B9Di_cemErZagjmUlLIU_wJ0vpM	181496	737.1	alt-scaffold	NT_187579.1	KI270824.1	76	109	110	ensembl-110	10	42103240	42298939	REGION159	+	181496	42103239	42284735	0.1357	forward	yes	yes	Ensembl
CHR_HSCHR10_1_CTG4	HSCHR10_1_CTG4	iwnKpxNk9SZmmwTI49MhQ0iEuqqSePo1	133815819	sVOWJ0aJC9F-B0M5i3h4VtgwVrf7E1U2	188315	710.6	alt-scaffold	na	KI270825.1	76	109	110	ensembl-110						188315	77761308	77949623	0.1407	forward		yes	Ensembl
CHR_HSCHR10_1_CTG6	HSCHR10_1_CTG6	Y2cb4-J449lk407gGSB7AvihsjTlQ_Gz	133801239	BNd81MmhljVLpNzKIatoeV7TQPKZ79YN	185507	721.3	novel-patch	NW_013171806.1	KQ090020.1	83	109	110	ensembl-110	10	65503225	65684914	REGION216	+	185507	65503224	65688731	0.1386	forward	yes	yes	Ensembl
CHR_HSCHR11_1_CTG1_1	HSCHR11_1_CTG1_1	jhTbhMrBz_mvEBDzT49xFg45fTK7emav	135092355	YpEMyhzoYs_11s_DfsfaLB8uQo__ffTG	154407	874.9	alt-scaffold	NW_003315936.1	GL383547.1	76	109	110	ensembl-110	11	25170407	25319080	REGION19	+	154407	25170406	25324813	0.1143	forward	yes	yes	Ensembl
CHR_HSCHR11_1_CTG1_2	HSCHR11_1_CTG1_2	KpAUZRz06Ikxg6U0O_JM7uBnoZEmJsUW	135096748	XLXNThIHbPaNlRa_-4Q_GZpI6Jj8E33n	203552	663.7	novel-patch	NW_011332695.1	KN538368.1	79	109	110	ensembl-110	11	7779133	7972558	OLFACTORY_REGION_2	+	203552	7779132	7982684	0.1507	forward	yes	yes	Ensembl
CHR_HSCHR11_1_CTG2	HSCHR11_1_CTG2	D64FAHckJZA2BYL0vV53KeHEe5eDEXsX	135083598	oDJ0ufO0hX9s9hvElxpShu4Io7wTp3ej	186169	725.6	alt-scaffold	NT_187581.1	KI270826.1	76	109	110	ensembl-110	11	134773600	134962792	REGION107	+	186169	134773599	134959768	0.1378	forward	yes	yes	Ensembl
CHR_HSCHR11_1_CTG3	HSCHR11_1_CTG3	FLIMmTZyuUjuuvuAlciH5Ksa7prmnAb6	135090275	9v7QhRz3rErQHSidbH7PcTtioHr3CZ72	67707	1995.2	alt-scaffold	NT_187582.1	KI270827.1	76	109	110	ensembl-110	11	69165291	69229344	REGION106	+	67707	69165290	69232997	0.0501	forward	yes	yes	Ensembl
CHR_HSCHR11_1_CTG3_1	HSCHR11_1_CTG3_1	otHpYyZxENXEUY8cGxYjc1nXojHF0fCT	135090845	PJeYfa8vqrqHm5bQVVj8nEUCfwV9zWP3	181167	745.7	novel-patch	NW_019805498.1	KZ559111.1	92	109	110	ensembl-110	11	59910346	60087289	REGION271	+	181167	59910345	60091512	0.1341	forward	yes	yes	Ensembl
CHR_HSCHR11_1_CTG5	HSCHR11_1_CTG5	KF66kcDnWh_xP3CnOkFGTiiWLHGj27qD	135097255	k34wPvdMdinrOSGJPSi66oc_zWwsNQno	204059	662.0	alt-scaffold	NT_187583.1	KI270829.1	76	109	110	ensembl-110	11	7779133	7972558	OLFACTORY_REGION_2	+	204059	7779132	7983191	0.1510	forward	yes	yes	Ensembl
CHR_HSCHR11_1_CTG6	HSCHR11_1_CTG6	JW15FIL4P74msqD_T6ts0vmY3gmGWAyN	135092332	L9jwXWvDtJbfxVFFZ5Autkj9k_qMIz5F	177092	762.8	alt-scaffold	NT_187584.1	KI270830.1	76	109	110	ensembl-110	11	1523474	1694855	KRTAP_REGION_2	+	177092	1523473	1700565	0.1311	forward	yes	yes	Ensembl
CHR_HSCHR11_1_CTG7	HSCHR11_1_CTG7	Cfbn8XNgLTWiB0UVi0RyH_8xymxtOKvH	135085484	ZnrUHnKSxcQrIWv4bOFa0eqgMWC_Yw0e	296895	455.0	alt-scaffold	NT_187585.1	KI270831.1	76	109	110	ensembl-110	11	2767814	3065846	REGION105	+	296864	2767813	3064708	0.2198	forward	yes	yes	Ensembl
CHR_HSCHR11_1_CTG8	HSCHR11_1_CTG8	zCLImz3QDDOuBNQghMlZ_xx9CS0JM4hW	135088433	f9vXWgOuAGchQNgwjhvjRVNufdcVaAHx	210133	642.9	alt-scaffold	NT_187586.1	KI270832.1	76	109	110	ensembl-110	11	470360	678681	REGION104	+	210133	470359	680492	0.1556	forward	yes	yes	Ensembl
CHR_HSCHR11_2_CTG1	HSCHR11_2_CTG1	p5tWkihodq55NSYeXxBjMVjZz7Y46_I-	135093444	Cl7ES8sXwFkQGNnx28YuTrpYHN9xk-do	106711	1266.0	alt-scaffold	NT_187656.1	KI270902.1	76	109	110	ensembl-110	11	937258	1037146	MUCIN_REGION_1	+	106711	937257	1043968	0.0790	forward	yes	yes	Ensembl
CHR_HSCHR11_2_CTG1_1	HSCHR11_2_CTG1_1	2ImUoYXJM9W9yVqjsEd8SSne1q6diNKp	135083841	HvLCAc04v5FtYQKEBozJOkjYG7JyzqI1	214625	629.4	alt-scaffold	NT_187657.1	KI270903.1	76	109	110	ensembl-110	11	1523474	1740879	KRTAP_REGION_2	+	214625	1523473	1738098	0.1589	forward	yes	yes	Ensembl
CHR_HSCHR11_2_CTG8	HSCHR11_2_CTG8	RLBogJoz1ucXp1rxW73GHC8sDde3BAe5	135117433	smc6RJsONJeuRCNSJGCS7Bfu6WgCAK3-	301637	447.9	novel-patch	NW_019805497.1	KZ559110.1	92	109	110	ensembl-110	11	90093878	90364703	REGION272	+	301637	90093877	90395514	0.2232	forward	yes	yes	Ensembl
CHR_HSCHR11_3_CTG1	HSCHR11_3_CTG1	tTd1CDagFJQwPIlQVia3ukUVPk-z9W0S	135092180	8gu4AavnvFq2odrt4i6VlKYdHJepCEmU	218612	618.0	alt-scaffold	NT_187681.1	KI270927.1	76	109	110	ensembl-110	11	937258	1150311	MUCIN_REGION_1	+	218612	937257	1155869	0.1618	forward	yes	yes	Ensembl
CHR_HSCHR12_1_CTG1	HSCHR12_1_CTG1	gRYwqJYv1kL65HamJwcZQx0pRYgI0tgX	133279324	9kvA1SAHFWA7PI91tIMSidKkALqFXbYr	167313	796.6	alt-scaffold	NW_003571049.1	GL877875.1	76	109	110	ensembl-110	12	10001	173298	REGION50	+	167313	10000	177313	0.1255	forward	yes	yes	Ensembl
CHR_HSCHR12_1_CTG2	HSCHR12_1_CTG2	eandbENrA6kabRoL7UGog3ovAfoYNuOs	133281368	px02pr2p01rDRYZI9Sxa7s9w2sryr_s9	120804	1103.3	alt-scaffold	NW_003315938.1	GL383549.1	76	109	110	ensembl-110	12	27996034	28110778	REGION21	-	120804	27996033	28116837	0.0906	reverse_complement	yes	yes	Ensembl
CHR_HSCHR12_1_CTG2_1	HSCHR12_1_CTG2_1	mleYHfb7PWbEbanrGpVW1V6Je7ttsv21	133284468	KHKws2RTus2xjfI0god2Gg79qedfTlKb	169178	787.8	alt-scaffold	NW_003315939.2	GL383550.2	76	109	110	ensembl-110	12	57932737	58092755	REGION22	-	169178	57932736	58101914	0.1269	reverse_complement	yes	yes	Ensembl
CHR_HSCHR12_2_CTG1	HSCHR12_2_CTG1	ajziBIBkUSQAI_L0L9_8pEQ8YCbk5pyM	133282237	3_fAtmb-pYjWEv8P2oIhBdLMKNz-QaOw	109323	1219.2	novel-patch	NW_013171809.1	KQ090023.1	83	109	110	ensembl-110	12	1033530	1135924	REGION217	+	109323	1033529	1142852	0.0820	forward	yes	yes	Ensembl
CHR_HSCHR12_2_CTG2	HSCHR12_2_CTG2	0rWQ_IXdlPq-3TAjJpXfZO4lT8wxQxX_	133307257	MYR92N9ChPkZXxy6nWXbiR5RGKuJWDC0	408271	326.5	alt-scaffold	NW_003571050.1	GL877876.1	76	109	110	ensembl-110	12	10801295	11177617	PRH1_PRR4	+	408271	10801294	11209565	0.3063	forward	yes	yes	Ensembl
CHR_HSCHR12_2_CTG2_1	HSCHR12_2_CTG2_1	Dupl9s1sV-PSfntWcPeioNFml80G4HG1	133282358	qStaAo9HyPxz7yXqUQJpCka0sixGY-6J	138655	961.3	alt-scaffold	NW_003315941.1	GL383552.1	76	109	110	ensembl-110	12	58929265	59060870	REGION23	+	138655	58929264	59067919	0.1040	forward	yes	yes	Ensembl
CHR_HSCHR12_3_CTG2	HSCHR12_3_CTG2	T4sFDzuHmb2ztNz36B5796gdwzjiDXBk	133271566	nHj4LsDnGVh3V_Ts55_EKpse5UmgEFCa	572349	232.9	alt-scaffold	NT_187658.1	KI270904.1	76	109	110	ensembl-110	12	10801295	11377386	PRH1_PRR4	+	572349	10801294	11373643	0.4295	forward	yes	yes	Ensembl
CHR_HSCHR12_3_CTG2_1	HSCHR12_3_CTG2_1	QvvY9upa4pcJuc7NVhNP3mQVN18mxq_r	133281486	XKeFO_ksB66EVSh2uK6vlkxZ6iUBuK9e	152874	871.8	alt-scaffold	NW_003315942.2	GL383553.2	76	109	110	ensembl-110	12	101111599	101258295	REGION24	-	152874	101111598	101264472	0.1147	reverse_complement	yes	yes	Ensembl
CHR_HSCHR12_4_CTG2	HSCHR12_4_CTG2	KXDTeXeQYr40htVf9Ffn7KbBbw4U-WU6	133277582	ZzdPmdmqIveKAS0D-2hDsoCICQ2sMIvv	238139	559.7	alt-scaffold	NT_187587.1	KI270835.1	76	109	110	ensembl-110	12	31111480	31347345	OVOS2	+	238139	31111479	31349618	0.1787	forward	yes	yes	Ensembl
CHR_HSCHR12_4_CTG2_1	HSCHR12_4_CTG2_1	ZKhT6xBiVjo2jgzTv9MCIvIT1f6wcRzo	133281351	YaOI_5KJtbcZ0VBMd_c-I8BXDhAkN2SK	184319	723.1	alt-scaffold	NW_003315940.1	GL383551.1	76	109	110	ensembl-110	12	126227198	126405474	REGION20	+	184319	126227197	126411516	0.1383	forward	yes	yes	Ensembl
CHR_HSCHR12_5_CTG2	HSCHR12_5_CTG2	ECIyyOHCnP9DxGtkINA4p0uX3yYhFlI6	133275237	icmRK8D6LoSC9qL4ylrhGnNQTJZCu0Ff	40090	3324.4	alt-scaffold	NT_187588.1	KI270837.1	76	109	110	ensembl-110	12	11337225	11377386	PRH1_PRR4	-	40090	11337224	11377314	0.0301	reverse_complement	yes	yes	Ensembl
CHR_HSCHR12_5_CTG2_1	HSCHR12_5_CTG2_1	m1kNmSLYr_PSpbDpM89ixGNRKw4w3a2c	133279478	9jzxV3K6aSKfIvsYZMW7fV0Ls8d1oofc	76061	1752.3	alt-scaffold	NT_187589.1	KI270833.1	76	109	110	ensembl-110	12	130323076	130394967	REGION162	+	76061	130323075	130399136	0.0571	forward	yes	yes	Ensembl
CHR_HSCHR12_6_CTG2_1	HSCHR12_6_CTG2_1	1BKgfNAzs6lZtoHzaHP5JyBDjw09vS9g	133275361	KmkfaNw6fM3oWCokWZGXgLINWxET3dww	119498	1115.3	alt-scaffold	NT_187590.1	KI270834.1	76	109	110	ensembl-110	12	123826509	123945954	REGION161	+	119498	123826508	123946006	0.0897	forward	yes	yes	Ensembl
CHR_HSCHR12_7_CTG2_1	HSCHR12_7_CTG2_1	x1y64ann2crgP98qY4jufqnvXxeEC4iW	133289478	OuOwwAymrgTki0nugEFWUD9jyEUJinCw	56134	2374.5	alt-scaffold	NT_187591.1	KI270836.1	76	109	110	ensembl-110	12	131543020	131584984	REGION163	+	56134	131543019	131599153	0.0421	forward	yes	yes	Ensembl
CHR_HSCHR12_8_CTG2_1	HSCHR12_8_CTG2_1	hnhAu-ORKi4rjPxsnanah7RXQGkuimuD	133282605	nvKuBP9_CA-wa9FppSWt9xnq9QQwWbcy	174808	762.5	novel-patch	NW_018654720.1	KZ208918.1	92	109	110	ensembl-110	12	86094144	86261655	REGION255	+	174808	86094143	86268951	0.1312	forward	yes	yes	Ensembl
CHR_HSCHR12_9_CTG2_1	HSCHR12_9_CTG2_1	KcW0Vj1INJKJw9Vr-ccQYu-GMhYbG9EM	133289677	Vb9eNDa16VyiEMvIcobTLaEYo8F8LbEZ	154139	864.7	novel-patch	NW_019805499.1	KZ559112.1	92	109	110	ensembl-110	12	127053477	127193247	REGION273	+	154139	127053476	127207615	0.1156	forward	yes	yes	Ensembl
CHR_HSCHR13_1_CTG1	HSCHR13_1_CTG1	TNtKSm1aGpBWwa2TnMusQkZJfYCyAQPI	114348172	FEDrQ66n6WIQrotLhccdZv4POnOwxo3K	306913	372.6	alt-scaffold	NT_187592.1	KI270838.1	76	109	110	ensembl-110	13	112182875	112505943	REGION168	+	306913	112182874	112489787	0.2684	forward	yes	yes	Ensembl
CHR_HSCHR13_1_CTG2	HSCHR13_1_CTG2	hi8Dn_tpw0Q7EWgB-eVKQwhYmJxJoALc	114368315	cXqcpuOSHTdygQCaHEQJmhIpLUMSzhdJ	180306	634.3	alt-scaffold	NT_187593.1	KI270839.1	76	109	110	ensembl-110	13	25652362	25828680	REGION165	-	180306	25652361	25832667	0.1577	reverse_complement	yes	yes	Ensembl
CHR_HSCHR13_1_CTG3	HSCHR13_1_CTG3	brNpBOhUwVNAM4NbLAuT0qxD6vSDtrci	114370226	Gbrij0fSyRAGFCB20lZ8vTkymOnmV5gP	191684	596.7	alt-scaffold	NT_187594.1	KI270840.1	76	109	110	ensembl-110	13	18698351	18884136	REGION164	+	191684	18698350	18890034	0.1676	forward	yes	yes	Ensembl
CHR_HSCHR13_1_CTG4	HSCHR13_1_CTG4	DCiwkMBzWatLCyZXlexLgBX4HzmJbSR6	114368332	5CQK3QIZTKjkmyn9KTFa3LMKkUwJapBW	169134	676.2	alt-scaffold	NT_187595.1	KI270841.1	76	109	110	ensembl-110	13	89598964	89764093	REGION167	+	169134	89598963	89768097	0.1479	forward	yes	yes	Ensembl
CHR_HSCHR13_1_CTG5	HSCHR13_1_CTG5	Io2mxjw_p3z4oV5rmk8iopQxPg57YTBX	114365350	MVYgwi2O1W6C7WcmxzUTML0XRh4c6IUQ	37287	3067.2	alt-scaffold	NT_187596.1	KI270842.1	76	109	110	ensembl-110	13	113727531	113763795	REGION169	+	37287	113727530	113764817	0.0326	forward	yes	yes	Ensembl
CHR_HSCHR13_1_CTG6	HSCHR13_1_CTG6	Bs5ClUFMnv-xug5Mv4bVZsBaDvt8u0CL	114367169	d33Gokdy_6YFgMIVuEXUlt5fTpuKdjRN	103832	1101.5	alt-scaffold	NT_187597.1	KI270843.1	76	109	110	ensembl-110	13	70341886	70442876	REGION166	+	103832	70341885	70445717	0.0908	forward	yes	yes	Ensembl
CHR_HSCHR13_1_CTG7	HSCHR13_1_CTG7	L6sYDdz_izu7qRG_eUCBbp721stwsCN1	114374491	TEbeZa_Pe10CQ_12ZkNXw5JfZ9x--Glb	168146	680.2	novel-patch	NW_013171810.1	KQ090024.1	83	109	110	ensembl-110	13	84294441	84452423	REGION218	+	168146	84294440	84462586	0.1470	forward	yes	yes	Ensembl
CHR_HSCHR13_1_CTG8	HSCHR13_1_CTG8	PhAMfUmd4lLJ93SneUVQGq1vAaPv_0ln	114368996	JMV32QqHmvSrV7Q0e_4VKCge7WXFRa56	123480	926.2	novel-patch	NW_013171811.1	KQ090025.1	83	109	110	ensembl-110	13	108604134	108722945	REGION219	+	123480	108604133	108727613	0.1080	forward	yes	yes	Ensembl
CHR_HSCHR14_1_CTG1	HSCHR14_1_CTG1	1n9DfK_hQmlRD1i4NM4-xb2HkbleOL-_	107047377	5q6hnhidZdGDHu0rEoHthfgxUY058rB_	322166	332.3	alt-scaffold	NT_187598.1	KI270844.1	76	109	110	ensembl-110	14	91535865	91854371	REGION170	+	322166	91535864	91858030	0.3010	forward	yes	yes	Ensembl
CHR_HSCHR14_2_CTG1	HSCHR14_2_CTG1	q8k10xpkbBdCj54E9IIsQl7gjbH9PVNt	107050862	6xkD3rl6v_9Zdp1owKMIpW1eZ6stlwAi	180703	592.4	alt-scaffold	NT_187599.1	KI270845.1	76	109	110	ensembl-110	14	104449322	104622880	SERPIN_REGION_1	+	180703	104449321	104630024	0.1688	forward	yes	yes	Ensembl
CHR_HSCHR14_3_CTG1	HSCHR14_3_CTG1	Ah2CodFqAWKErdGx_VvFJiK9KycC0vGZ	107067894	zjYU3LvEGZT3W1fjPIt8gclO6u19aBol	1351393	79.2	alt-scaffold	NT_187600.1	KI270846.1	76	109	110	ensembl-110	14	105533003	106860219	REGION171	+	1351393	105533002	106884395	1.2622	forward	yes	yes	Ensembl
CHR_HSCHR14_7_CTG1	HSCHR14_7_CTG1	jvGP0fNBRWR9g4MoZFiNPwG_HLsqTl8b	107045728	wrsAn1Pznc84XmgNcrKC5r34_n4Mz2wn	1511111	70.8	alt-scaffold	NT_187601.1	KI270847.1	76	109	110	ensembl-110	14	92885439	94394539	IGH	+	1511111	92885438	94396549	1.4116	forward	yes	yes	Ensembl
CHR_HSCHR14_8_CTG1	HSCHR14_8_CTG1	BM4CoiCEBuinS23XhIIeVEhhaIz8BvFp	107050407	x4HAZpX8zyzUeAoxFXUSx3kjDE_LZDHw	171798	623.1	novel-patch	NW_018654721.1	KZ208919.1	92	109	110	ensembl-110	14	63664049	63829157	REGION257	+	171798	63664048	63835846	0.1605	forward	yes	yes	Ensembl
CHR_HSCHR14_9_CTG1	HSCHR14_9_CTG1	XxNcIexOaBJnKSLlU8w04FuEKTfanfKO	107050362	WBVjMQsO-sB0jlBJiv2nmRquCknNWyDT	264228	405.1	novel-patch	NW_021160014.1	ML143368.1	98	109	110	ensembl-110	14	46309691	46567274	REGION291	+	264228	46309690	46573918	0.2468	forward	yes	yes	Ensembl
CHR_HSCHR15_1_CTG1	HSCHR15_1_CTG1	66QKXmDU8wZ8_DzlQG906xx30_iuyOqx	101998275	wohjAZ4hQyIVeUzRz4GmgTOoGv5kar-7	478999	212.9	alt-scaffold	NT_187602.1	KI270852.1	76	109	110	ensembl-110	15	21242091	21714003	PRADER_WILLI	+	478999	21242090	21721089	0.4696	forward	yes	yes	Ensembl
CHR_HSCHR15_1_CTG3	HSCHR15_1_CTG3	T06uhfCYxOfDuSR0BGfcrJR1cs_SwFKz	101994657	WIxkrqsQ3gRvL0IqOvPcme1D3eHLAh7S	327382	311.5	alt-scaffold	NT_187603.1	KI270848.1	76	109	110	ensembl-110	15	22902961	23226874	PRADER_WILLI	+	327382	22902960	23230342	0.3210	forward	yes	yes	Ensembl
CHR_HSCHR15_1_CTG8	HSCHR15_1_CTG8	EiIwpPuk83q5W2H6P52dsEoFNXKXWOdd	102002809	clM4cQc78Opxpec7OgoJPN9UBe6YZb1b	296527	344.0	alt-scaffold	NW_003315943.1	GL383554.1	76	109	110	ensembl-110	15	28312041	28596947	REGION25	+	296527	28312040	28608567	0.2907	forward	yes	yes	Ensembl
CHR_HSCHR15_2_CTG3	HSCHR15_2_CTG3	xKUZFaFnX644dnEmQuOgzJtUZphg96WB	101995966	znFaWfBVcQCWh9pDwNsFJ5aGSsQH2Rus	196384	519.4	alt-scaffold	NT_187659.1	KI270906.1	76	109	110	ensembl-110	15	23035268	23226874	PRADER_WILLI	+	196384	23035267	23231651	0.1925	forward	yes	yes	Ensembl
CHR_HSCHR15_2_CTG8	HSCHR15_2_CTG8	XaXpS2Gom-Ee8EIO8JjOWtx7HON7TXLr	102003326	uoyRXokGM3HeJX8SRHeD-NjGHFK4mhRS	388773	262.4	alt-scaffold	NW_003315944.2	GL383555.2	76	109	110	ensembl-110	15	65908183	66284818	MEGF11	+	388773	65908182	66296955	0.3811	forward	yes	yes	Ensembl
CHR_HSCHR15_3_CTG3	HSCHR15_3_CTG3	h2q8zNFaMyXp6ivp4t6w_JljgUT_nXv5	101993763	_p9ZPa9IFQpNALN115Fk8rkeINRuru4W	263054	387.7	alt-scaffold	NT_187604.1	KI270851.1	76	109	110	ensembl-110	15	22358243	22618722	PRADER_WILLI	+	263054	22358242	22621296	0.2579	forward	yes	yes	Ensembl
CHR_HSCHR15_3_CTG8	HSCHR15_3_CTG8	ifyZQbGaPsYC6biFwJxuPOWnNmZZQ4vM	101999716	p9yN1mYgdPjE_L7o9PqV0Yz-9Sk6KKYy	244917	416.5	alt-scaffold	NT_187605.1	KI270849.1	76	109	110	ensembl-110	15	44676664	44913053	TRIM69	+	244917	44676663	44921580	0.2401	forward	yes	yes	Ensembl
CHR_HSCHR15_4_CTG8	HSCHR15_4_CTG8	NVBRclFbjvLUhSMyiganQswRdTc0Acd9	102071387	CyrY3B28RI5ODnfqRrArAI4SP8nb6SXM	5161414	19.8	alt-scaffold	NT_187660.1	KI270905.1	76	109	110	ensembl-110	15	27865714	32946929	REGION25	b	4757407	27865713	33027127	4.6609	forward	yes	yes	Ensembl
CHR_HSCHR15_5_CTG8	HSCHR15_5_CTG8	ficLtN12zVkMnzRF39JaJHzYKImcXSgD	102070278	pqMBdWdebRW3XqCWm4MdDimJxCgseDjH	430880	236.9	alt-scaffold	NT_187606.1	KI270850.1	76	109	110	ensembl-110	15	82289984	82641774	REGION172	+	430880	82289983	82720863	0.4221	forward	yes	yes	Ensembl
CHR_HSCHR15_6_CTG8	HSCHR15_6_CTG8	ndhfUk4AbE-nVKkg35YrXuE8vq0QIf_9	101521929	fLqjHJxiBS0t2qsgW0oNF-Esm91K32PS	2365364	42.9	novel-patch	NW_012132920.1	KQ031389.1	81	109	110	ensembl-110	15	30012327	32846950	REGION25	b	1025338	30012326	32377690	1.0100	forward	yes	yes	Ensembl
CHR_HSCHR16_1_CTG1	HSCHR16_1_CTG1	TV-EiBHZV3B-YMFSDzjf9tw2MQFt0P5F	90426449	FwChSNxkr_b1LuOi-QoKQcH2DiB9fL89	2659700	34.0	alt-scaffold	NT_187607.1	KI270853.1	76	109	110	ensembl-110	16	14427144	16998739	REGION174	b	2659700	14427143	17086843	2.9413	forward	yes	yes	Ensembl
CHR_HSCHR16_1_CTG3_1	HSCHR16_1_CTG3_1	4AzHjpPgr-jTv2FWjhhFIlKwFHzp3odt	90335239	zmOX7gaNMbPsD0e7vAXK-MixMsR7OTwj	192462	469.4	alt-scaffold	NW_003315945.1	GL383556.1	76	109	110	ensembl-110	16	55772981	55968548	REGION26	+	192462	55772980	55965442	0.2131	forward	yes	yes	Ensembl
CHR_HSCHR16_2_CTG3_1	HSCHR16_2_CTG3_1	stjkNBqENs7koKQNg694OElhmic68UWx	90343477	giRZFJqn-yQ2fQFvnUrhZsnhj0j32p5F	89672	1007.5	alt-scaffold	NW_003315946.1	GL383557.1	76	109	110	ensembl-110	16	69140151	69224690	SNTB2	-	89672	69140150	69229822	0.0993	reverse_complement	yes	yes	Ensembl
CHR_HSCHR16_3_CTG1	HSCHR16_3_CTG1	Phpa9LJMOI8OkD3vK5hRnCvsyb86gQom	90340304	LRS9ztT4Ebp8Eu2rY-wbZ7RclCIZK_W0	232857	388.0	alt-scaffold	NT_187608.1	KI270855.1	76	109	110	ensembl-110	16	4299637	4530534	PAM16	+	232857	4299636	4532493	0.2578	forward	yes	yes	Ensembl
CHR_HSCHR16_3_CTG3_1	HSCHR16_3_CTG3_1	oPuz9Ii-Y-XW_c0t_cQa8Tq2w8IdSlbi	90346170	jllvxFnSONKXiS9MMmR9msJiOxIfKoFx	169136	534.2	novel-patch	NW_012132921.1	KQ031390.1	81	109	110	ensembl-110	16	75930096	76091406	REGION213	+	169136	75930095	76099231	0.1872	forward	yes	yes	Ensembl
CHR_HSCHR16_4_CTG1	HSCHR16_4_CTG1	458y_gDOrXpCwcXm_WEeZpHqwroW7YSb	90340369	yeAUNB_OmT02ZQrdNKvtd3vFOAIY8ODg	63982	1412.0	alt-scaffold	NT_187609.1	KI270856.1	76	109	110	ensembl-110	16	1871895	1933852	REGION173	+	63982	1871894	1935876	0.0708	forward	yes	yes	Ensembl
CHR_HSCHR16_4_CTG3_1	HSCHR16_4_CTG3_1	0D1Oe1J9dS8nUhD3jkrSbVXgWDL0SCnz	90343133	quJ08KpgyyXu9AZSxWy-Hp1vgf3TwTMG	267463	337.8	novel-patch	NW_013171813.1	KQ090027.1	83	109	110	ensembl-110	16	71137292	71399966	REGION220	+	267463	71137291	71404754	0.2961	forward	yes	yes	Ensembl
CHR_HSCHR16_5_CTG1	HSCHR16_5_CTG1	2CBs-0751zu68EUKMCSxQRKrF9AYkTaL	90344275	JHKfpUVcWhZHdOcsRpCCgUzdlaXF31Me	59016	1530.8	novel-patch	NW_013171812.1	KQ090026.1	83	109	110	ensembl-110	16	2820536	2873621	REGION221	+	59016	2820535	2879551	0.0653	forward	yes	yes	Ensembl
CHR_HSCHR16_5_CTG3_1	HSCHR16_5_CTG3_1	pnPhWucP34GESj9ATIb0S7WTpsgUCmwu	90338377	0DuTiSw6YcwH1qOlpyhMpX71C13x1XZL	78609	1149.2	novel-patch	NW_018654723.1	KZ208921.1	92	109	110	ensembl-110	16	75169811	75248387	CTRB1_CTRB2	b	78609	75169810	75248419	0.0870	forward	yes	yes	Ensembl
CHR_HSCHR16_CTG2	HSCHR16_CTG2	4212pF9F3e8DjKk4isTgr8S-H5kQi0fH	90341867	HDkEXq7AzlrUbhHuZpznbp3lgdam9H7m	134193	673.2	alt-scaffold	NT_187610.1	KI270854.1	76	109	110	ensembl-110	16	400855	531525	RAB11FIP3	+	134193	400854	535047	0.1485	forward	yes	yes	Ensembl
CHR_HSCHR17_10_CTG4	HSCHR17_10_CTG4	oUQtN1u7h5apH_bRWloVQqWPzaQ3eL8q	83359087	CBWpogYXYoKDvT2AIrcDq0XY8COj4KSJ	325800	255.9	alt-scaffold	NT_187661.1	KI270909.1	76	109	110	ensembl-110	17	36045904	36270057	CCL5_TBC1D3	+	325800	36045903	36371703	0.3908	forward	yes	yes	Ensembl
CHR_HSCHR17_11_CTG4	HSCHR17_11_CTG4	h9kIpTCuwHRcKmZ2pnchjRg10wZwgMQR	83264946	qgmYUUjsfslym-aicbuokAxSaSJ4w4HG	246895	337.2	novel-patch	NW_017363818.1	KV766197.1	88	109	110	ensembl-110	17	52434177	52673566	REGION237	+	246895	52434176	52681071	0.2965	forward	yes	yes	Ensembl
CHR_HSCHR17_12_CTG4	HSCHR17_12_CTG4	ukOfFBEfIC7osIe3ysRQfwcCuhBkzUGe	83271781	_wxpOQ6BB8nU6SwFLmYIGxN2f86uH_yK	116753	713.2	novel-patch	NW_019805501.1	KZ559114.1	92	109	110	ensembl-110	17	72833331	72935743	REGION176	+	116753	72833330	72950083	0.1402	forward	yes	yes	Ensembl
CHR_HSCHR17_1_CTG1	HSCHR17_1_CTG1	Sr7U-CTfufuPNz78TQyO6K8qYtsH1FkX	83290495	Cuq-QfbTRhiVPi6xns7SxJqj-kPXLLQS	375691	221.7	alt-scaffold	NW_003315952.3	GL383563.3	76	109	110	ensembl-110	17	60001	402637	DOC2B_RPH3AL	+	375691	60000	435691	0.4511	forward	yes	yes	Ensembl
CHR_HSCHR17_1_CTG2	HSCHR17_1_CTG2	bQgQwSMzyq7iK7MdE93AAeDob1QR8jOT	83256362	3Wx-9rRd5d7m3WxtJ_HScX3Bz1MiQWjR	196688	423.3	alt-scaffold	NT_187611.1	KI270861.1	76	109	110	ensembl-110	17	1569973	1767739	WDR81	+	196688	1569972	1766660	0.2362	forward	yes	yes	Ensembl
CHR_HSCHR17_1_CTG4	HSCHR17_1_CTG4	kSkee4SWVCQwk0FCV9yxfsxWHrMS9NMZ	83264766	U74-bOG6c9j_MGt6BNCYEKNjzHETiIqw	133151	625.3	alt-scaffold	NW_003315953.2	GL383564.2	76	109	110	ensembl-110	17	41307110	41432935	KRTAP_REGION_1	-	133151	41307109	41440260	0.1599	reverse_complement	yes	yes	Ensembl
CHR_HSCHR17_1_CTG5	HSCHR17_1_CTG5	ROagd2G3h0W_1LS69OjGPkGEF5RtiXPE	83552665	poo0yesZKYYpE153PDmlkj1KgcNcrfSl	1821992	45.9	alt-scaffold	NT_167251.2	GL000258.2	76	109	110	ensembl-110	17	45309498	46836265	MAPT	b	1771992	45309497	47131489	2.1208	forward	yes	yes	Ensembl
CHR_HSCHR17_1_CTG9	HSCHR17_1_CTG9	HFgwCZZTMbf08ciPG79E8eYCOMdl7x2y	83255504	xIWD1tFz4UNvHV5l6ylxPJ_tMrADeTYe	178921	465.3	alt-scaffold	NT_187612.1	KI270860.1	76	109	110	ensembl-110	17	82922720	83103577	B3GNTL1	-	178921	82922719	83101640	0.2149	reverse_complement	yes	yes	Ensembl
CHR_HSCHR17_2_CTG1	HSCHR17_2_CTG1	69OjkA_2FKD2ixvXwHEjGRQLaGuCLs1j	83259496	0qqrlSPaQSbcbTS-XFDXNsxar_YBMpyI	137721	604.6	alt-scaffold	NT_187662.1	KI270907.1	76	109	110	ensembl-110	17	266972	402637	DOC2B_RPH3AL	-	137721	266971	404692	0.1654	reverse_complement	yes	yes	Ensembl
CHR_HSCHR17_2_CTG2	HSCHR17_2_CTG2	TXY1fMIC3-OXzNdJtGhquv1q2NdXtPm3	83160220	UkFCzw1aORf-WoHrTvva15yoLv7b0MpV	391357	212.5	alt-scaffold	NT_187613.1	KI270862.1	76	109	110	ensembl-110	17	960754	1449331	ABR	+	391357	960753	1352110	0.4706	forward	yes	yes	Ensembl
CHR_HSCHR17_2_CTG4	HSCHR17_2_CTG4	t7MVUoh7cs6XFyo1VdWIrRJU5ShSxKcX	83263494	rr0K6q_aJbcKQEUuis8ZStFj8IcsS9fD	223995	371.7	alt-scaffold	NW_003315954.1	GL383565.1	76	109	110	ensembl-110	17	70306278	70524219	REGION28	+	223995	70306277	70530272	0.2690	forward	yes	yes	Ensembl
CHR_HSCHR17_2_CTG5	HSCHR17_2_CTG5	62Vs3JooQ57zqlR2XZCyhD_t1M8ixLbu	83086355	W2Dpn4kI-x3xd9mnMikL49FlxvjNfkwc	1423190	58.4	alt-scaffold	NT_187663.1	KI270908.1	76	109	110	ensembl-110	17	45309498	46903773	MAPT	+	1423190	45309497	46732687	1.7129	forward	yes	yes	Ensembl
CHR_HSCHR17_3_CTG1	HSCHR17_3_CTG1	-uqc0wBJaRZuUCZfWxBd5cLwVY4hoJaJ	83267046	ra_C8Ht2O8HXdMs_f8-aArJPPg5EbxX4	276292	301.4	novel-patch	NW_017363819.1	KV766198.1	88	109	110	ensembl-110	17	18239627	18506313	REGION238	+	276292	18239626	18515918	0.3318	forward	yes	yes	Ensembl
CHR_HSCHR17_3_CTG2	HSCHR17_3_CTG2	44o_pNdIJo4xtHP6b3TmbdfqH5Tc6BY6	83258211	tYh_3K7WWZLJm-eatPdms2iMfn6xTY7t	157099	530.0	alt-scaffold	NT_187664.1	KI270910.1	76	109	110	ensembl-110	17	960754	1117082	ABR	+	157099	960753	1117852	0.1887	forward	yes	yes	Ensembl
CHR_HSCHR17_3_CTG4	HSCHR17_3_CTG4	Oa_37xW-QId5VUAAXkJ9fgqNnZnw06FT	83269063	OQeFEy4Y9B9Ul3Lyh-5tE74hhxF5S5pJ	90219	923.0	alt-scaffold	NW_003315955.1	GL383566.1	76	109	110	ensembl-110	17	77220730	77299326	REGION30	+	90219	77220729	77310948	0.1083	forward	yes	yes	Ensembl
CHR_HSCHR17_4_CTG4	HSCHR17_4_CTG4	qPSTfxPXk1P3QQkKMKvhjYD9EHun5Qgb	83257896	r5bz8vNOqnaVR5i7NNDPRLc-7lKy0Ofn	278131	299.3	alt-scaffold	NW_003871091.1	JH159146.1	76	109	110	ensembl-110	17	40850733	41128408	KRTAP_REGION_1	+	278131	40850732	41128863	0.3341	forward	yes	yes	Ensembl
CHR_HSCHR17_5_CTG4	HSCHR17_5_CTG4	LhK9J9sAIFN56Y6X90PKHlAodM2SGV9e	83247119	Wczr0fr52D0g46F3glnGBbMaYof04RBg	70345	1183.4	alt-scaffold	NW_003871092.1	JH159147.1	76	109	110	ensembl-110	17	41226443	41307109	KRTAP_REGION_1	-	70345	41226442	41296787	0.0845	reverse_complement	yes	yes	Ensembl
CHR_HSCHR17_6_CTG4	HSCHR17_6_CTG4	mHDYdtI77zLEnn_ynFrGrMsVHy2wO6Lb	83246071	W2U0LNWky9tgPEcAKkeNu9nNMx_3JqRx	88070	945.2	alt-scaffold	NW_003871093.1	JH159148.1	76	109	110	ensembl-110	17	41207670	41307109	KRTAP_REGION_1	-	88070	41207669	41295739	0.1058	reverse_complement	yes	yes	Ensembl
CHR_HSCHR17_7_CTG4	HSCHR17_7_CTG4	l_YkydI5XSnO58eZigfoWgj5kpACoAFa	83058228	DP_59DeCpk0B57HUkY9ljcj0L4DvR1yt	2877074	28.9	alt-scaffold	NT_187614.1	KI270857.1	76	109	110	ensembl-110	17	35765469	38841755	CCL5_TBC1D3	+	2877074	35765468	38642542	3.4639	forward	yes	yes	Ensembl
CHR_HSCHR17_8_CTG4	HSCHR17_8_CTG4	_u07LfyyuDX9bRFbRdFW2was7VdDzKWI	83258474	Y_q1faWWNU5qzIht_upDihpkY8oTvfvj	235827	353.0	alt-scaffold	NT_187615.1	KI270858.1	76	109	110	ensembl-110	17	71584518	71819311	REGION175	+	235827	71584517	71820344	0.2832	forward	yes	yes	Ensembl
CHR_HSCHR17_9_CTG4	HSCHR17_9_CTG4	Mpm2xpMAYJjbvJlJHgWDftz4IADS7XqL	83263791	nIkci60wCmjAEl603SQ6Ij5kd77WjXbz	108763	765.6	alt-scaffold	NT_187616.1	KI270859.1	76	109	110	ensembl-110	17	72833331	72935743	REGION176	+	108763	72833330	72942093	0.1306	forward	yes	yes	Ensembl
CHR_HSCHR18_1_CTG1	HSCHR18_1_CTG1	BGry_UdpKfCRVNRfuOJ7uAkfR2iDLkJ6	80395815	QBfT1c608U1deTrvngsKa6_Lr9HJXecn	163186	492.7	novel-patch	NW_019805503.1	KZ559116.1	92	109	110	ensembl-110	18	1744182	1884837	REGION274	+	163186	1744181	1907367	0.2030	forward	yes	yes	Ensembl
CHR_HSCHR18_1_CTG1_1	HSCHR18_1_CTG1_1	90eqIhPVnl-9He570_RBUU0N-0H6-kK-	80380517	jpgI9PKjFFcmRJ6DhA24-SlqBP_WbtsJ	289831	277.3	alt-scaffold	NW_003315956.1	GL383567.1	76	109	110	ensembl-110	18	50292194	50574792	REGION31	+	289831	50292193	50582024	0.3606	forward	yes	yes	Ensembl
CHR_HSCHR18_1_CTG2	HSCHR18_1_CTG2	HMu_KauYRXWPwlJZ_FJOBWGCrrbpQlo1	80386177	mpHjLXhnMYfgLLGk6F1q7Le-oXDnoCle	104552	768.9	alt-scaffold	NW_003315957.1	GL383568.1	76	109	110	ensembl-110	18	72933122	73024781	REGION34	-	104552	72933121	73037673	0.1301	reverse_complement	yes	yes	Ensembl
CHR_HSCHR18_1_CTG2_1	HSCHR18_1_CTG2_1	eWVu-xINhuP1NFuLsFln7eLGxrDnJEug	80382671	9w5J0y1MZcOf2S21GLX_5zYnF-PueMx7	167950	478.6	alt-scaffold	NW_003315958.1	GL383569.1	76	109	110	ensembl-110	18	78493467	78652030	REGION35	+	167950	78493466	78661416	0.2089	forward	yes	yes	Ensembl
CHR_HSCHR18_2_CTG1_1	HSCHR18_2_CTG1_1	lNi2UZSfjzaLT4-bRLLu0hTI2xx3YnLe	80379367	ZYJJjBBGlSiWL1A3IO2pElqttFsmWCNr	164789	487.8	alt-scaffold	NW_003315959.1	GL383570.1	76	109	110	ensembl-110	18	51662936	51821642	REGION32	-	164789	51662935	51827724	0.2050	reverse_complement	yes	yes	Ensembl
CHR_HSCHR18_2_CTG2	HSCHR18_2_CTG2	FBTIkhqduwHFTO3I1WGZ8HHo1N3BDRT3	80442734	8L1QChyEhTJ0Ou0JUEEpP0H-xCoiue1N	198278	405.7	alt-scaffold	NW_003315960.1	GL383571.1	76	109	110	ensembl-110	18	67423723	67552551	REGION33	+	148278	67423722	67622000	0.1843	forward	yes	yes	Ensembl
CHR_HSCHR18_2_CTG2_1	HSCHR18_2_CTG2_1	mXd6IvkGicWh8qYAPTfpbMJnGlyDg5ME	80378720	R_hppUEtKijn0V73Hqu0lou2oQtPo-ux	159547	503.8	alt-scaffold	NW_003315961.1	GL383572.1	76	109	110	ensembl-110	18	78934886	79088997	REGION36	+	159547	78934885	79094432	0.1985	forward	yes	yes	Ensembl
CHR_HSCHR18_3_CTG2_1	HSCHR18_3_CTG2_1	k_k1DDe4vc9VKBrZsZnBeY2F82Byjso8	80379039	I0Yop28P5J3dgmcsMKJKzfSqQ3sp8OJY	167999	478.4	alt-scaffold	NT_187617.1	KI270863.1	76	109	110	ensembl-110	18	79563122	79725366	REGION178	+	167999	79563121	79731120	0.2090	forward	yes	yes	Ensembl
CHR_HSCHR18_4_CTG1_1	HSCHR18_4_CTG1_1	i7tspdSd4juaogmy-B2xSWuRC5XqCjQ9	80378406	ue7I2kmR7eCDKVXiNjLuLPfg8L36Coyh	111737	719.4	alt-scaffold	NT_187618.1	KI270864.1	76	109	110	ensembl-110	18	43667277	43773892	REGION177	-	111737	43667276	43779013	0.1390	reverse_complement	yes	yes	Ensembl
CHR_HSCHR18_5_CTG1_1	HSCHR18_5_CTG1_1	A9LkEGOORhcZxUupGNU96_-_CFtbQj9A	80378965	0UeK-aPU4tGsVpCxcB1A1qJ6cm6GE1Og	205101	391.9	novel-patch	NW_014040928.1	KQ458385.1	83	109	110	ensembl-110	18	22388680	22588100	REGION230	+	205101	22388679	22593780	0.2552	forward	yes	yes	Ensembl
CHR_HSCHR18_ALT21_CTG2_1	HSCHR18_ALT21_CTG2_1	W7rhCOkxtvo42pkN3UKOUIIBV2zfvaiX	80376343	nh_VQPV_LK3f_6uMX9QWQwSctJB27txp	174061	461.8	alt-scaffold	NT_187665.1	KI270912.1	76	109	110	ensembl-110	18	78493467	78664469	REGION35	+	174061	78493466	78667527	0.2166	forward	yes	yes	Ensembl
CHR_HSCHR18_ALT2_CTG2_1	HSCHR18_ALT2_CTG2_1	6iQjYGN0BroMlkex__MtSovuI0t3KHMZ	80376883	w05iLeXLFUYBPV02YzKfGXxJzKW-ZXq9	157710	509.6	alt-scaffold	NT_187666.1	KI270911.1	76	109	110	ensembl-110	18	78934886	79088997	REGION36	+	157710	78934885	79092595	0.1962	forward	yes	yes	Ensembl
CHR_HSCHR19KIR_0010-5217-AB_CTG3_1	HSCHR19KIR_0010-5217-AB_CTG3_1	w1JyRKTCeyP9-SI47xm2Bqnpt-Q2QMnx	58538377	OSnqau1PfhMZEjQ3fYEW4L00xJ7qzaAV	99845	586.3	novel-patch	NW_016107308.1	KV575254.1	88	109	110	ensembl-110	19	54698377	54877460	LRC_KIR	+	99845	54698376	54798221	0.1706	forward	yes	yes	Ensembl
CHR_HSCHR19KIR_0019-4656-A_CTG3_1	HSCHR19KIR_0019-4656-A_CTG3_1	N8lceyR_gzJ9za0dccV_0McyziEfIDwq	58617441	KSj2MlnJq26VvPVgd9DP6LYWGZW0pV4i	163926	357.6	novel-patch	NW_016107300.1	KV575246.1	88	109	110	ensembl-110	19	54698377	54862477	LRC_KIR	+	163926	54698376	54862302	0.2797	forward	yes	yes	Ensembl
CHR_HSCHR19KIR_0019-4656-B_CTG3_1	HSCHR19KIR_0019-4656-B_CTG3_1	-pdlie_Z-W6wWSyYdHPm7oU5LmrnSgcl	58675214	st-08_JTypHb-Da9iZ8g_ZnyiJSnBiz8	223118	263.0	novel-patch	NW_016107310.1	KV575256.1	88	109	110	ensembl-110	19	54698377	54863896	LRC_KIR	+	223118	54698376	54921494	0.3803	forward	yes	yes	Ensembl
CHR_HSCHR19KIR_502960008-1_CTG3_1	HSCHR19KIR_502960008-1_CTG3_1	eqEt-K-yVPNvX8zDrDynQ_ZoiQ25tXLK	58617609	AQ-lOeWW1DUMuC92U4EaNS0_nbJNn3sD	166713	351.6	novel-patch	NW_016107307.1	KV575253.1	88	109	110	ensembl-110	19	54698377	54865096	LRC_KIR	+	166713	54698376	54865089	0.2844	forward	yes	yes	Ensembl
CHR_HSCHR19KIR_502960008-2_CTG3_1	HSCHR19KIR_502960008-2_CTG3_1	JHpkg3FqhjnoyIt2fLqxmZ-0vHF3Ncgh	58616590	I4tZYTtkFOZMimlNSdA_WXOtYyFjckIH	178197	328.9	novel-patch	NW_016107306.1	KV575252.1	88	109	110	ensembl-110	19	54698377	54877599	LRC_KIR	+	178197	54698376	54876573	0.3040	forward	yes	yes	Ensembl
CHR_HSCHR19KIR_7191059-1_CTG3_1	HSCHR19KIR_7191059-1_CTG3_1	z9s2MDy7QTn-zP6UNcPfEH2UWXXfGOmX	58617649	GtOaYlbIA9uOobxa4Y_wT25UWSFfVjUJ	161095	363.9	novel-patch	NW_016107309.1	KV575255.1	88	109	110	ensembl-110	19	54698377	54859438	LRC_KIR	+	161095	54698376	54859471	0.2748	forward	yes	yes	Ensembl
CHR_HSCHR19KIR_7191059-2_CTG3_1	HSCHR19KIR_7191059-2_CTG3_1	7Iech3Ta95epaF8wPrLKKwWfQjcH2jQm	58617604	Y6LY1SQ0FfGGYKieVphBHO4v_nT3_hoB	171263	342.3	novel-patch	NW_016107313.1	KV575259.1	88	109	110	ensembl-110	19	54698377	54869651	LRC_KIR	+	171263	54698376	54869639	0.2922	forward	yes	yes	Ensembl
CHR_HSCHR19KIR_ABC08_A1_HAP_CTG3_1	HSCHR19KIR_ABC08_A1_HAP_CTG3_1	Vs8bNrApw5Toq91qOTU6zx0bR4L9Gde4	58617625	hqU7wEkCCSQU5ebezHU0xdeNwTU1kMMD	190932	307.0	alt-scaffold	NT_187671.1	KI270917.1	76	109	110	ensembl-110	19	54721063	54911985	LRC_KIR	+	190932	54721062	54911994	0.3257	forward	yes	yes	Ensembl
CHR_HSCHR19KIR_ABC08_AB_HAP_C_P_CTG3_1	HSCHR19KIR_ABC08_AB_HAP_C_P_CTG3_1	aupIKX-at_JLIKVDiY44B1Tn9xHxh-LI	58618008	PEdbST0qn7Tj_YwQtUdFOWP2hfEAwN8R	123111	476.1	alt-scaffold	NT_187672.1	KI270918.1	76	109	110	ensembl-110	19	54698377	54821095	LRC_KIR	+	123111	54698376	54821487	0.2100	forward	yes	yes	Ensembl
CHR_HSCHR19KIR_ABC08_AB_HAP_T_P_CTG3_1	HSCHR19KIR_ABC08_AB_HAP_T_P_CTG3_1	ZUJJudxR0upbdYwPF7h_0vUGnw81z_sc	58617636	rjnyMfyO30IgE4USew3jf3cvPCFzPXkB	170701	343.4	alt-scaffold	NT_187673.1	KI270919.1	76	109	110	ensembl-110	19	54698377	54869057	LRC_KIR	-	170701	54698376	54869077	0.2912	reverse_complement	yes	yes	Ensembl
CHR_HSCHR19KIR_CA01-TA01_1_CTG3_1	HSCHR19KIR_CA01-TA01_1_CTG3_1	izMEngtoTyvvXmVJEyUYNbXI_CZlhx_t	58617632	jXzDbAl7YFLo3zXaO2ru8EO8KwPFLuDF	170206	344.4	novel-patch	NW_016107301.1	KV575247.1	88	109	110	ensembl-110	19	54698377	54868566	LRC_KIR	+	170204	54698376	54868582	0.2904	forward	yes	yes	Ensembl
CHR_HSCHR19KIR_CA01-TA01_2_CTG3_1	HSCHR19KIR_CA01-TA01_2_CTG3_1	8Gd7cCAEgCnAAyUm_kZttssi68qX-YQl	58617647	SWJQ4OSIBFdK8mFVhqEcD0qh4qAcXtGA	168131	348.6	novel-patch	NW_016107302.1	KV575248.1	88	109	110	ensembl-110	19	54698377	54866476	LRC_KIR	+	168131	54698376	54866507	0.2868	forward	yes	yes	Ensembl
CHR_HSCHR19KIR_CA01-TB01_CTG3_1	HSCHR19KIR_CA01-TB01_CTG3_1	gizsz9Bl7D3OQIEOC2oSvMSyF2ONBJkm	58645065	1s7rdFPHn3RMp6u0zdwVKAnzAAL4TKsR	241058	243.3	novel-patch	NW_016107304.1	KV575250.1	88	109	110	ensembl-110	19	54698377	54911985	LRC_KIR	+	241058	54698376	54939434	0.4110	forward	yes	yes	Ensembl
CHR_HSCHR19KIR_CA01-TB04_CTG3_1	HSCHR19KIR_CA01-TB04_CTG3_1	75TagozMhllzBjIgKW36ShniuFI-X82G	58750420	H84ONzhIYAJewLfsFWcZejEeuNWcUJIb	293522	200.2	novel-patch	NW_016107303.1	KV575249.1	88	109	110	ensembl-110	19	54698377	54859094	LRC_KIR	+	293422	54698376	54991898	0.4994	forward	yes	yes	Ensembl
CHR_HSCHR19KIR_CA04_CTG3_1	HSCHR19KIR_CA04_CTG3_1	nNvabKqLeWJ3CkuPuDVb9ys7SnYum08-	58537114	A4AylxQfce3YdaToM6onqgrfI5Mkp-Hy	100553	582.2	novel-patch	NW_016107311.1	KV575257.1	88	109	110	ensembl-110	19	54698377	54879431	LRC_KIR	+	100553	54698376	54798929	0.1718	forward	yes	yes	Ensembl
CHR_HSCHR19KIR_FH05_A_HAP_CTG3_1	HSCHR19KIR_FH05_A_HAP_CTG3_1	KDnpuucCyRYlm_XigT6tUCun37j2wrpY	58616795	DILJFGrt8ITHBgI1U9reDCFvXStLQSFd	198005	296.0	alt-scaffold	NT_187674.1	KI270920.1	76	109	110	ensembl-110	19	54713160	54911985	LRC_KIR	+	198005	54713159	54911164	0.3378	forward	yes	yes	Ensembl
CHR_HSCHR19KIR_FH05_B_HAP_CTG3_1	HSCHR19KIR_FH05_B_HAP_CTG3_1	5XFt-8cL1vYlBqVXggvZzunm6DQW3vY4	58689016	kflhCIz0b8fRXM_wCH3ObtDaSR4FWOtA	282224	208.0	alt-scaffold	NT_187675.1	KI270921.1	76	109	110	ensembl-110	19	54701162	54911985	LRC_KIR	+	282224	54701161	54983385	0.4809	forward	yes	yes	Ensembl
CHR_HSCHR19KIR_FH06_A_HAP_CTG3_1	HSCHR19KIR_FH06_A_HAP_CTG3_1	yifD_F2Jg7ZOggrf5Nu2z8WHI6VHomIO	58617587	gUSQy-ErCub9Mw18g24_VAfha6D1sadO	187935	311.9	alt-scaffold	NT_187676.1	KI270922.1	76	109	110	ensembl-110	19	54724022	54911985	LRC_KIR	+	187935	54724021	54911956	0.3206	forward	yes	yes	Ensembl
CHR_HSCHR19KIR_FH06_BA1_HAP_CTG3_1	HSCHR19KIR_FH06_BA1_HAP_CTG3_1	dZs6zoHowOkRiqGGJoQGMa7fu9FrhRtz	58603994	9Af0OWltlJBxMmtYPPQbE9LFwRKkIF5Z	189352	309.5	alt-scaffold	NT_187677.1	KI270923.1	76	109	110	ensembl-110	19	54709012	54911985	LRC_KIR	+	189352	54709011	54898363	0.3231	forward	yes	yes	Ensembl
CHR_HSCHR19KIR_FH08_A_HAP_CTG3_1	HSCHR19KIR_FH08_A_HAP_CTG3_1	xozVoSnhRU_4793cRw54WX2SGX_L1T1u	58617658	PyfYKHhK047yCswWas59b6RrTWAYhrx0	186203	314.8	alt-scaffold	NT_187683.1	KI270929.1	76	109	110	ensembl-110	19	54725825	54911985	LRC_KIR	+	186203	54725824	54912027	0.3177	forward	yes	yes	Ensembl
CHR_HSCHR19KIR_FH08_BAX_HAP_CTG3_1	HSCHR19KIR_FH08_BAX_HAP_CTG3_1	3TeJA5UwS4Od68ItUQRQ2P9mDAe-QVHI	58647709	KcnNnZ5bTDOEConQUSemx8AEViUquuJW	200773	292.1	alt-scaffold	NT_187684.1	KI270930.1	76	109	110	ensembl-110	19	54698377	54869056	LRC_KIR	-	200773	54698376	54899149	0.3423	reverse_complement	yes	yes	Ensembl
CHR_HSCHR19KIR_FH13_A_HAP_CTG3_1	HSCHR19KIR_FH13_A_HAP_CTG3_1	HzxwZeT2uL57xXYVvkIl0Q4HI9tUUbVU	58616725	ct4VqcTMtYup2ZmAk0LRpGvzDp_E3sq5	170148	344.5	alt-scaffold	NT_187685.1	KI270931.1	76	109	110	ensembl-110	19	54698377	54869415	LRC_KIR	-	170148	54698376	54868524	0.2903	reverse_complement	yes	yes	Ensembl
CHR_HSCHR19KIR_FH13_BA2_HAP_CTG3_1	HSCHR19KIR_FH13_BA2_HAP_CTG3_1	lDN8Mthwn0Nwf-yuE6V8FpvI2LJfOVZS	58662330	8clcFUIGGI8IFhJdBJIjgpToCdHhxmzH	215732	271.9	alt-scaffold	NT_187686.1	KI270932.1	76	109	110	ensembl-110	19	54698377	54869394	LRC_KIR	-	215732	54698376	54914108	0.3678	reverse_complement	yes	yes	Ensembl
CHR_HSCHR19KIR_FH15_A_HAP_CTG3_1	HSCHR19KIR_FH15_A_HAP_CTG3_1	1swkkC8DEXupXatMp2h9LJfvGyK2rcIG	58617473	A5I6PhEjJowCXk-UklgjZDf5LrazlMgr	170537	343.7	alt-scaffold	NT_187687.1	KI270933.1	76	109	110	ensembl-110	19	54698377	54869056	LRC_KIR	-	170537	54698376	54868913	0.2909	reverse_complement	yes	yes	Ensembl
CHR_HSCHR19KIR_FH15_B_HAP_CTG3_1	HSCHR19KIR_FH15_B_HAP_CTG3_1	fxWnUr_8LSSnp_rYKOmaG-3vjNm4RxRM	58689284	-xdFPXu8EXyfVO6hXXNjLt0wNmxEbBI7	248807	235.9	alt-scaffold	NT_187636.1	KI270882.1	76	109	110	ensembl-110	19	54698377	54875515	LRC_KIR	-	248807	54698376	54947183	0.4239	reverse_complement	yes	yes	Ensembl
CHR_HSCHR19KIR_G085_A_HAP_CTG3_1	HSCHR19KIR_G085_A_HAP_CTG3_1	PRWfdpMzSvpm_UTi-BzpZP_aQWmdsiBw	58617601	VlOMn-GD7o6SGXHyGg5UCVbIbumzh1jr	170399	344.0	alt-scaffold	NT_187637.1	KI270883.1	76	109	110	ensembl-110	19	54698377	54868790	LRC_KIR	-	170399	54698376	54868775	0.2907	reverse_complement	yes	yes	Ensembl
CHR_HSCHR19KIR_G085_BA1_HAP_CTG3_1	HSCHR19KIR_G085_BA1_HAP_CTG3_1	W1jio5IoCUSuCZ4W_wUkBkDLIsXDbACQ	58603800	CfWg24UYOzSFgRRq98qWBUhntUafY9sE	157053	373.1	alt-scaffold	NT_187638.1	KI270884.1	76	109	110	ensembl-110	19	54698377	54869245	LRC_KIR	-	157053	54698376	54855429	0.2680	reverse_complement	yes	yes	Ensembl
CHR_HSCHR19KIR_G248_A_HAP_CTG3_1	HSCHR19KIR_G248_A_HAP_CTG3_1	fzUdzNhEUn_F2abeHmDNIObc3CBzZ-ZR	58617652	UYTYthd_1Mgf366TwsSrLeVPgrfD12qr	171027	342.7	alt-scaffold	NT_187639.1	KI270885.1	76	109	110	ensembl-110	19	54698377	54869367	LRC_KIR	-	171027	54698376	54869403	0.2918	reverse_complement	yes	yes	Ensembl
CHR_HSCHR19KIR_G248_BA2_HAP_CTG3_1	HSCHR19KIR_G248_BA2_HAP_CTG3_1	VR7UjG5-GowyHNvNwh9aJaC9IhXb_sEf	58661364	mvbZjGkC1yWP6QWSHxFVpOnT5dxZ0X_1	204239	287.2	alt-scaffold	NT_187640.1	KI270886.1	76	109	110	ensembl-110	19	54698377	54858867	LRC_KIR	-	204239	54698376	54902615	0.3482	reverse_complement	yes	yes	Ensembl
CHR_HSCHR19KIR_GRC212_AB_HAP_CTG3_1	HSCHR19KIR_GRC212_AB_HAP_CTG3_1	qiN4Ji1n87e3m7Z6a5bg6fASXOYXLkUX	58644315	5SwHHfTs46OKapRVYM6R3cf91dLl5mVm	209512	279.9	alt-scaffold	NT_187641.1	KI270887.1	76	109	110	ensembl-110	19	54698377	54881189	LRC_KIR	-	209512	54698376	54907888	0.3573	reverse_complement	yes	yes	Ensembl
CHR_HSCHR19KIR_GRC212_BA1_HAP_CTG3_1	HSCHR19KIR_GRC212_BA1_HAP_CTG3_1	R-xB4HaqfyfNB9F5OppwJ8UiFe8eMPsa	58602595	S0kgpLbiOgP87EwprqrlHr46BktToHez	155532	376.8	alt-scaffold	NT_187642.1	KI270888.1	76	109	110	ensembl-110	19	54698377	54868929	LRC_KIR	-	155532	54698376	54853908	0.2654	reverse_complement	yes	yes	Ensembl
CHR_HSCHR19KIR_HG2393_CTG3_1	HSCHR19KIR_HG2393_CTG3_1	3t_hwK4RarDbCgbDUIf_oZMzcr2SKX3c	58583172	Lkc01ig_0Vc4VOY47FncoH0rPWWUa04h	156965	373.2	novel-patch	NW_016107312.1	KV575258.1	88	109	110	ensembl-110	19	54720577	54911985	LRC_KIR	-	156949	54720576	54877541	0.2679	reverse_complement	yes	yes	Ensembl
CHR_HSCHR19KIR_HG2394_CTG3_1	HSCHR19KIR_HG2394_CTG3_1	fiKLlSJCcVC-bNKd1gpBC5kcOE4nfCaV	58617630	4v9GxP2aW5y0DLDTWHnG8U_iHJ6oUHlE	159285	368.0	novel-patch	NW_016107305.1	KV575251.1	88	109	110	ensembl-110	19	54698377	54857647	LRC_KIR	+	159284	54698376	54857661	0.2717	forward	yes	yes	Ensembl
CHR_HSCHR19KIR_HG2396_CTG3_1	HSCHR19KIR_HG2396_CTG3_1	GhBdb3UExwlrKS7Mcv9VfEPs9g560HWE	58603982	DA873JfWfj20BSR1oc1J5s4YSLyp0XNt	145691	402.2	novel-patch	NW_016107314.1	KV575260.1	88	109	110	ensembl-110	19	54698377	54857701	LRC_KIR	+	145685	54698376	54844067	0.2486	forward	yes	yes	Ensembl
CHR_HSCHR19KIR_LUCE_A_HAP_CTG3_1	HSCHR19KIR_LUCE_A_HAP_CTG3_1	ivKS07Pp-rBXH6pNlXtWXBr0y_9ileRg	58617634	IUYOQlv1RFRM-COi2MjsFSO7_3AI1R4s	170698	343.4	alt-scaffold	NT_187643.1	KI270889.1	76	109	110	ensembl-110	19	54698377	54869056	LRC_KIR	-	170698	54698376	54869074	0.2912	reverse_complement	yes	yes	Ensembl
CHR_HSCHR19KIR_LUCE_BDEL_HAP_CTG3_1	HSCHR19KIR_LUCE_BDEL_HAP_CTG3_1	91yNjJG3IDTQq33KIe28DFokfJvPIn8q	58631446	NtzYiOqOR2dGhu3BaWxijsOkkSB2E7vD	184499	317.8	alt-scaffold	NT_187644.1	KI270890.1	76	109	110	ensembl-110	19	54698377	54869045	LRC_KIR	-	184499	54698376	54882875	0.3147	reverse_complement	yes	yes	Ensembl
CHR_HSCHR19KIR_RP5_B_HAP_CTG3_1	HSCHR19KIR_RP5_B_HAP_CTG3_1	L-AU3Xh9Go2AdSDxnibC4Y4HeR9kIkt1	58631402	Q4qnz88p_KRm4vou1O9OJfgi0_q2QFuU	177381	330.5	alt-scaffold	NT_113949.2	GL000209.2	76	109	110	ensembl-110	19	54698377	54861971	LRC_KIR	-	177381	54698376	54875757	0.3025	reverse_complement	yes	yes	Ensembl
CHR_HSCHR19KIR_RSH_A_HAP_CTG3_1	HSCHR19KIR_RSH_A_HAP_CTG3_1	qck6tpGcClpweRPwc6NA8z6P_qh2u30z	58617616	tFSAVq35V8H7v0K5Pohnbn73KyesesRR	170680	343.4	alt-scaffold	NT_187645.1	KI270891.1	76	109	110	ensembl-110	19	54698377	54869056	LRC_KIR	-	170680	54698376	54869056	0.2912	reverse_complement	yes	yes	Ensembl
CHR_HSCHR19KIR_RSH_BA2_HAP_CTG3_1	HSCHR19KIR_RSH_BA2_HAP_CTG3_1	hfqv5hEsSBhT4KKnlIyMDW5bWLDZCkZJ	58662237	N-4BE43aqEO55NaBCJsVGAbtD_CSw2hq	205194	285.9	alt-scaffold	NT_187668.1	KI270914.1	76	109	110	ensembl-110	19	54698377	54858949	LRC_KIR	-	205194	54698376	54903570	0.3498	reverse_complement	yes	yes	Ensembl
CHR_HSCHR19KIR_T7526_A_HAP_CTG3_1	HSCHR19KIR_T7526_A_HAP_CTG3_1	bZNnXWrdWhmoWTxzc3Dfhs3KVdakgWal	58617601	k06DDHZa4bfyT9BNshqRPO4cLDD_dwwY	170665	343.5	alt-scaffold	NT_187669.1	KI270915.1	76	109	110	ensembl-110	19	54698377	54869056	LRC_KIR	-	170665	54698376	54869041	0.2911	reverse_complement	yes	yes	Ensembl
CHR_HSCHR19KIR_T7526_BDEL_HAP_CTG3_1	HSCHR19KIR_T7526_BDEL_HAP_CTG3_1	Jnm5OSSyEkPjH1z6kXXhdzCPsT-Tt_RB	58631206	Wvo--PYZpLuRRB7aoEqAl7QvzNB3fy59	184516	317.8	alt-scaffold	NT_187670.1	KI270916.1	76	109	110	ensembl-110	19	54698377	54869302	LRC_KIR	-	184516	54698376	54882892	0.3147	reverse_complement	yes	yes	Ensembl
CHR_HSCHR19LRC_COX1_CTG3_1	HSCHR19LRC_COX1_CTG3_1	31HH7qLPMQOpUawZsKglRwER_sphlKmE	58546647	R_21atTkM2V4WyOFLQ8p74B6bfH07ZOs	987716	59.3	alt-scaffold	NW_003571054.1	GL949746.1	76	109	110	ensembl-110	19	54025634	55084318	LRC_KIR	+	882716	54025633	55013349	1.5077	forward	yes	yes	Ensembl
CHR_HSCHR19LRC_COX2_CTG3_1	HSCHR19LRC_COX2_CTG3_1	wnVUxXypR0XnmgDGn2IA2UEp1YmCabUO	58288451	mvKVobCyCalugbLZrMFgtNRiM5oVV3ew	729520	79.9	alt-scaffold	NW_003571055.2	GL949747.2	76	109	110	ensembl-110	19	54025634	55084318	LRC_KIR	+	663520	54025633	54755153	1.1383	forward	yes	yes	Ensembl
CHR_HSCHR19LRC_LRC_I_CTG3_1	HSCHR19LRC_LRC_I_CTG3_1	2BTX8qJIMBK0cI1wJAK3VgE2UDcLbrXP	58623235	27DjvZ1xJkX9VImBZBUMkEU0oZyHjPOW	1064304	55.1	alt-scaffold	NW_003571056.2	GL949748.2	76	109	110	ensembl-110	19	54025634	55084318	LRC_KIR	+	457304	54025633	55089937	0.7801	forward	yes	yes	Ensembl
CHR_HSCHR19LRC_LRC_J_CTG3_1	HSCHR19LRC_LRC_J_CTG3_1	HDsN1tqtBim61Hu4aDj9014P2MhyLs68	58650772	hF_pd5y7TnOddiM1xe-IhXSNPyUNDGmC	1091841	53.7	alt-scaffold	NW_003571057.2	GL949749.2	76	109	110	ensembl-110	19	54025634	55084318	LRC_KIR	+	435841	54025633	55117474	0.7431	forward	yes	yes	Ensembl
CHR_HSCHR19LRC_LRC_S_CTG3_1	HSCHR19LRC_LRC_S_CTG3_1	PNEvTnb1HcrAEZS7WrpRHVqd3owA_6fb	58625321	6exNPK-frazLU4nT_nOa792nRAzqMqlQ	1066390	55.0	alt-scaffold	NW_003571058.2	GL949750.2	76	109	110	ensembl-110	19	54025634	55084318	LRC_KIR	+	418390	54025633	55092023	0.7137	forward	yes	yes	Ensembl
CHR_HSCHR19LRC_LRC_T_CTG3_1	HSCHR19LRC_LRC_T_CTG3_1	_vZch9kUw30mUbK0zOVIAgcplUDNdHWf	58561614	Mcs5ZbDrBYm7V9JpBxOYA_OFJGB3wQ1k	1002683	58.4	alt-scaffold	NW_003571059.2	GL949751.2	76	109	110	ensembl-110	19	54025634	55084318	LRC_KIR	+	466683	54025633	55028316	0.7969	forward	yes	yes	Ensembl
CHR_HSCHR19LRC_PGF1_CTG3_1	HSCHR19LRC_PGF1_CTG3_1	p50t3WkUT-yYgIq7cBw0pgvTb8WruzmI	58546031	uIWxPT82_D_Q8jorfznOy58_tsn3ssG5	987100	59.3	alt-scaffold	NW_003571060.1	GL949752.1	76	109	110	ensembl-110	19	54025634	55084318	LRC_KIR	+	982100	54025633	55012733	1.6775	forward	yes	yes	Ensembl
CHR_HSCHR19LRC_PGF2_CTG3_1	HSCHR19LRC_PGF2_CTG3_1	W1x43k5KGWrNgCJlyPZE6GQwnwVdNsCb	58355410	-P9myo8bawYL_es9umkI5zoLzv3YIwQ3	796479	73.3	alt-scaffold	NW_003571061.2	GL949753.2	76	109	110	ensembl-110	19	54025634	55084318	LRC_KIR	+	676479	54025633	54822112	1.1592	forward	yes	yes	Ensembl
CHR_HSCHR19_1_CTG2	HSCHR19_1_CTG2	sjwqO4d57g8tTpwbk2Y2MXeJBlbduUUb	58624032	_lEIvT8iHL5XGdl6XibP4GC1MeBuoEiD	385657	152.0	alt-scaffold	NW_003315962.1	GL383573.1	76	109	110	ensembl-110	19	20663141	21042381	ZNF66	+	385657	20663140	21048797	0.6578	forward	yes	yes	Ensembl
CHR_HSCHR19_1_CTG3_1	HSCHR19_1_CTG3_1	diq1i3tE9OahZrEAhkEPvuFgF7SNoZAE	58624789	BQKSjIS0iYDDXXE5mB9WAb_4H0fYtn1X	155864	376.1	alt-scaffold	NW_003315963.1	GL383574.1	76	109	110	ensembl-110	19	34152260	34300950	REGION38	+	155864	34152259	34308123	0.2659	forward	yes	yes	Ensembl
CHR_HSCHR19_2_CTG2	HSCHR19_2_CTG2	MCAYnRZFRiTlHUiI6tLq5kNGJf5Udohe	58627095	Ke3kTlQ21XVYX7avwlj8LDiX5S1cmbPf	170222	344.4	alt-scaffold	NW_003315964.2	GL383575.2	76	109	110	ensembl-110	19	21648290	21809032	REGION37	+	170222	21648289	21818511	0.2903	forward	yes	yes	Ensembl
CHR_HSCHR19_2_CTG3_1	HSCHR19_2_CTG3_1	Ur3sXW_TRsFK0YKmrujlNbkMqSZ4FJA0	58618601	ZQseIbEUD8dCRLWEIZ6beMfIgXhlYhTQ	43156	1358.3	alt-scaffold	NT_187619.1	KI270866.1	76	109	110	ensembl-110	19	34350807	34392977	GPI	+	43156	34350806	34393962	0.0736	forward	yes	yes	Ensembl
CHR_HSCHR19_3_CTG2	HSCHR19_3_CTG2	KPuFjQOGcURKa-zqu_jB_lEcx9MaWcOI	58625823	v7pqSi3AgQ6DH4MDZlApxD5wXNukCNnW	188024	311.8	alt-scaffold	NW_003315965.1	GL383576.1	76	109	110	ensembl-110	19	22120850	22300666	REGION39	-	188024	22120849	22308873	0.3207	reverse_complement	yes	yes	Ensembl
CHR_HSCHR19_3_CTG3_1	HSCHR19_3_CTG3_1	APU7Ju2yWHuF-5c-GLOP7t4-QOy4HHSi	58625958	FHE5wehDRu1ckddTp8qPX_eLPHAUSS6L	233762	250.8	alt-scaffold	NT_187620.1	KI270867.1	76	109	110	ensembl-110	19	41456581	41682000	CEACAM_REGION_1	-	233762	41456580	41690342	0.3987	reverse_complement	yes	yes	Ensembl
CHR_HSCHR19_4_CTG2	HSCHR19_4_CTG2	HP5-uaQDOxOgM33KoURANnJO0Kwio_n8	58619803	OCmbHqqgE_uodiBraegZNadWggvEajGb	52969	1106.7	alt-scaffold	NT_187621.1	KI270865.1	76	109	110	ensembl-110	19	1107414	1158195	SBNO2	+	52969	1107413	1160382	0.0904	forward	yes	yes	Ensembl
CHR_HSCHR19_4_CTG3_1	HSCHR19_4_CTG3_1	G4LYQ1h4iE-PF_xqx9oP913sXsu4kEVY	58625731	UsJHm6wOugC5oP4WSKB3EbIhwxz0fQuX	1066800	55.0	alt-scaffold	NT_187693.1	KI270938.1	76	109	110	ensembl-110	19	54025634	55084318	LRC_KIR	+	1066800	54025633	55092433	1.8197	forward	yes	yes	Ensembl
CHR_HSCHR19_5_CTG2	HSCHR19_5_CTG2	_M8s9MxNSRusGsJIvSix_e_muyN-z8wa	58619095	Tj8Z-RW85GJnPIH5x-AgzXu1Ol4a00tF	61734	949.5	alt-scaffold	NT_187622.1	KI270868.1	76	109	110	ensembl-110	19	821158	881412	ELANE	+	61734	821157	882891	0.1053	forward	yes	yes	Ensembl
CHR_HSCHR1_1_CTG11	HSCHR1_1_CTG11	sNlRiOCdMmrnzbG1pTS7pb6FedF31Oj1	248961539	GCrbaHfIIFRcgaSCxRfLabk7To0pT5MQ	109528	2273.0	alt-scaffold	NT_187514.1	KI270760.1	76	109	110	ensembl-110	1	30352191	30456601	REGION109	+	109528	30352190	30461718	0.0440	forward	yes	yes	Ensembl
CHR_HSCHR1_1_CTG3	HSCHR1_1_CTG3	_sB49IPW_x7iwpcdtX3PiAvWNo9SQP2i	248968406	7_Exoebfll2KSxWkHO_CTYB7L35bVXb8	354444	702.4	alt-scaffold	NT_187515.1	KI270762.1	76	109	110	ensembl-110	1	2448811	2791270	REGION108	+	304444	2448810	2803254	0.1223	forward	yes	yes	Ensembl
CHR_HSCHR1_1_CTG31	HSCHR1_1_CTG31	tavouImdpt2FoKQ5Jn_SNHwqxmJnyPIi	248973653	bRYaT5HlTMUTpUWpM4jKan96syvtKX3S	182439	1364.7	alt-scaffold	NW_003315905.1	GL383518.1	76	109	110	ensembl-110	1	153700531	153865738	REGION2	+	182439	153700530	153882969	0.0733	forward	yes	yes	Ensembl
CHR_HSCHR1_1_CTG32_1	HSCHR1_1_CTG32_1	FevoDwtvdhAIGSAutizQjajNcag1zpCW	248960143	WYqs4u7Z9hoP_p3U6BRF37UEopQGGlvi	425601	585.0	alt-scaffold	NT_187516.1	KI270759.1	76	109	110	ensembl-110	1	245305697	245727576	REGION112	+	425601	245305696	245731297	0.1710	forward	yes	yes	Ensembl
CHR_HSCHR1_2_CTG3	HSCHR1_2_CTG3	aDMwTJZkNZfyltbc6wRiMSb_DbTZEaRV	248975002	5sJPeOQINUJr0syBJgsAX7bqCNmmWXJq	256271	971.5	alt-scaffold	NT_187517.1	KI270766.1	76	109	110	ensembl-110	1	13075113	13312803	PRAME_REGION_1	+	256271	13075112	13331383	0.1029	forward	yes	yes	Ensembl
CHR_HSCHR1_2_CTG31	HSCHR1_2_CTG31	7CnXrOVee1na3urq8q5Z5w84X4nTj2j7	248971826	9xCYXFBVQDc7dfIKolvEEKLm8Uu3hysH	110268	2257.9	alt-scaffold	NW_003315906.1	GL383519.1	76	109	110	ensembl-110	1	155210382	155305245	MTX1	+	110268	155210381	155320649	0.0443	forward	yes	yes	Ensembl
CHR_HSCHR1_2_CTG32_1	HSCHR1_2_CTG32_1	V7e9_kKXxTZba0MhJvvuixCzkxNSG1cp	248962488	wgls5bsmKqMuxE2JwOwZ_oQ14YXqsfyC	165834	1501.3	alt-scaffold	NT_187518.1	KI270761.1	76	109	110	ensembl-110	1	248352027	248511794	OLFACTORY_REGION_3	+	165834	248352026	248517860	0.0666	forward	yes	yes	Ensembl
CHR_HSCHR1_3_CTG3	HSCHR1_3_CTG3	4i7X1TQturgrBsd-oKh8UFLgaS-LTU1x	248961700	X5fywZ989MfHBSY3eSM7szqZqCiJdpED	141019	1765.4	novel-patch	NW_014040925.1	KQ458382.1	83	109	110	ensembl-110	1	103909381	104045121	REGION229	+	141019	103909380	104050399	0.0566	forward	yes	yes	Ensembl
CHR_HSCHR1_3_CTG31	HSCHR1_3_CTG31	PK63TGf2awsQz_7JU7JOuhNsNgM6PGIG	248967909	UlFLG2MJ8RhHqr4gEnrHI2G1JKgmDr6q	366580	679.2	alt-scaffold	NW_003315907.2	GL383520.2	76	109	110	ensembl-110	1	198370083	198725175	REGION3	+	366580	198370082	198736662	0.1472	forward	yes	yes	Ensembl
CHR_HSCHR1_3_CTG32_1	HSCHR1_3_CTG32_1	qMN0LMNWrKUTzToXPQGzU5yxP1gOx76E	248960761	sUgmsDfk9hPBydVbkxADntOazAwMekEF	911658	273.1	alt-scaffold	NT_187519.1	KI270763.1	76	109	110	ensembl-110	1	242987893	243895211	REGION111	+	911658	242987892	243899550	0.3662	forward	yes	yes	Ensembl
CHR_HSCHR1_4_CTG3	HSCHR1_4_CTG3	CzEkzVu47TGsKDVWN-sCjljH3gQmGE6u	248963886	Eo7NsigtaK-zfvBxSUjJjHvly7sToAWS	349938	711.5	novel-patch	NW_014040926.1	KQ458383.1	83	109	110	ensembl-110	1	23237486	23579959	REGION228	+	349938	23237485	23587423	0.1406	forward	yes	yes	Ensembl
CHR_HSCHR1_4_CTG31	HSCHR1_4_CTG31	fIRAbX4-icvbxSAPWbgWM309mGtCeZE8	248955631	yhQpNFEjj1oBLPYqMcxEgtQ7__rFUv0i	185285	1343.6	alt-scaffold	NT_187520.1	KI270765.1	76	109	110	ensembl-110	1	144488706	144674781	1Q21	+	185285	144488705	144673990	0.0744	forward	yes	yes	Ensembl
CHR_HSCHR1_4_CTG32_1	HSCHR1_4_CTG32_1	Z9bp0rKs94uvEhlKK5lhzfSrvQgh0I23	248958766	rtrciHdATscBJqspfqw-qt9DF7ZipKwx	50258	4953.6	alt-scaffold	NT_187521.1	KI270764.1	76	109	110	ensembl-110	1	234163457	234211370	REGION110	+	50258	234163456	234213714	0.0202	forward	yes	yes	Ensembl
CHR_HSCHR1_5_CTG3	HSCHR1_5_CTG3	OzyTGO18No1oNhJBrAFeRs-F8r4zpPmF	248926662	e86n8839aYPIZVDmjblIzahxnTCBzg5F	278659	893.3	novel-patch	NW_015495298.1	KQ983255.1	85	109	110	ensembl-110	1	13004385	13312803	PRAME_REGION_1	+	278659	13004384	13283043	0.1119	forward	yes	yes	Ensembl
CHR_HSCHR1_5_CTG32_1	HSCHR1_5_CTG32_1	fVjNIx7oXvyTS-PCf3_ed0do0QIc-Y_X	248960213	goZzOY_y6SmxMn27PHFGa7bS5D_8J-51	212205	1173.2	novel-patch	NW_014040927.1	KQ458384.1	83	109	110	ensembl-110	1	235360200	235568613	TBCE	+	212205	235360199	235572404	0.0852	forward	yes	yes	Ensembl
CHR_HSCHR1_6_CTG3	HSCHR1_6_CTG3	tnMr9A-qzqcL7kVCVhI82InNQr9rX4rh	248955842	QYNMkbdJHZbiSUgW0HrMjka4OrO7IE_U	551020	451.8	novel-patch	NW_017852928.1	KV880763.1	88	109	110	ensembl-110	1	107987825	108539424	REGION240	b	551020	107987824	108538844	0.2213	forward	yes	yes	Ensembl
CHR_HSCHR1_8_CTG3	HSCHR1_8_CTG3	pa-YHCmnGD6Sm2qJ2-UiaXRyWLfM3A65	248962151	YrZdeA0SoXBQDevflJnIX4EWmZlMnNyw	166136	1498.5	novel-patch	NW_018654706.1	KZ208904.1	92	109	110	ensembl-110	1	28206357	28366763	REGION246	+	166136	28206356	28372492	0.0667	forward	yes	yes	Ensembl
CHR_HSCHR1_9_CTG3	HSCHR1_9_CTG3	gYsnw4UtWCOxKwlUSvHU88no4T6yrA0L	248965380	_pxe4Cawb9g7xS3kI581nXcp5lojo6pV	140355	1773.8	novel-patch	NW_018654707.1	KZ208905.1	92	109	110	ensembl-110	1	72287734	72419130	REGION247	+	140355	72287733	72428088	0.0564	forward	yes	yes	Ensembl
CHR_HSCHR1_ALT2_1_CTG32_1	HSCHR1_ALT2_1_CTG32_1	dkKJ2y-l3LgP0WwHkZbc_4oMboCsxl8M	248958866	_wNUiX0LIo1uYKZoD4kjSsXJmjzz042h	162212	1534.8	alt-scaffold	NT_187646.1	KI270892.1	76	109	110	ensembl-110	1	248352027	248511794	OLFACTORY_REGION_3	+	162212	248352026	248514238	0.0652	forward	yes	yes	Ensembl
CHR_HSCHR20_1_CTG1	HSCHR20_1_CTG1	jK6uWTo5PAoT4sU-G_KpOrEocCsZDi0C	64450183	TcEoir4-ig0cqoBN28NU2Up-daWmxBJt	128386	502.0	alt-scaffold	NW_003315966.2	GL383577.2	76	109	110	ensembl-110	20	17771102	17893471	REGION40	+	128386	17771101	17899487	0.1992	forward	yes	yes	Ensembl
CHR_HSCHR20_1_CTG2	HSCHR20_1_CTG2	mjDKQmcoRzNJ8NXdz5cdW_sV7nTyF7ls	64441059	x_sOsgaj976FViZeKh3m9_ODNc6eqA1F	118774	542.6	alt-scaffold	NT_187623.1	KI270869.1	76	109	110	ensembl-110	20	61886306	62008187	REGION179	+	118774	61886305	62005079	0.1843	forward	yes	yes	Ensembl
CHR_HSCHR20_1_CTG3	HSCHR20_1_CTG3	hob55sUXATIbRSY3anaSQ5wRFFwYQTC0	64447812	oO88g77QjognQj4xmj_tqOWsPp3Yn3GU	183433	351.3	alt-scaffold	NT_187624.1	KI270870.1	76	109	110	ensembl-110	20	64095055	64274842	REGION180	+	183433	64095054	64278487	0.2846	forward	yes	yes	Ensembl
CHR_HSCHR20_1_CTG4	HSCHR20_1_CTG4	UTp9qFrUiNbrTlAxF9vsHDYr3lA4rJtI	64446453	ITWL-R0pmV5Q5vmPatNneK6bAR5CSvK_	58661	1098.6	alt-scaffold	NT_187625.1	KI270871.1	76	109	110	ensembl-110	20	63414721	63471095	REGION181	+	58661	63414720	63473381	0.0910	forward	yes	yes	Ensembl
CHR_HSCHR21_1_CTG1_1	HSCHR21_1_CTG1_1	ZU7J4PiyL_BIKJcWoD7lwhT1VQ4uzKDq	46722569	NqkUR7zdx2GJiX4HnwxC0PcPCg1V_qG4	63917	731.0	alt-scaffold	NW_003315967.2	GL383578.2	76	109	110	ensembl-110	21	14424141	14475471	REGION41	+	63917	14424140	14488057	0.1368	forward	yes	yes	Ensembl
CHR_HSCHR21_2_CTG1_1	HSCHR21_2_CTG1_1	xASbnpVnEQ4j77uEVGljQRGmBgI-DUES	46716685	QkmQmREyC2W643Z2D6wLB-aV03RImIqd	201197	232.2	alt-scaffold	NW_003315968.2	GL383579.2	76	109	110	ensembl-110	21	22102474	22296968	REGION42	+	201197	22102473	22303670	0.4307	forward	yes	yes	Ensembl
CHR_HSCHR21_3_CTG1_1	HSCHR21_3_CTG1_1	MCUgVP09JNW7lCkBeupevL2LyLuILAL8	46715777	wFTHp6z2vRXB5xLVt0Rkrg6Gdxh3qwaj	74653	625.8	alt-scaffold	NW_003315969.2	GL383580.2	76	109	110	ensembl-110	21	32769079	32837937	REGION43	+	74653	32769078	32843731	0.1598	forward	yes	yes	Ensembl
CHR_HSCHR21_4_CTG1_1	HSCHR21_4_CTG1_1	exWnO3bE_NgOjqOfVaNg1r13QotPsIVx	46719541	QZc-xnlLf81CHyNTz_V7gXoPoBKMpQMh	116689	400.4	alt-scaffold	NW_003315970.2	GL383581.2	76	109	110	ensembl-110	21	33405429	33512559	TMEM50B	+	116689	33405428	33522117	0.2498	forward	yes	yes	Ensembl
CHR_HSCHR21_5_CTG2	HSCHR21_5_CTG2	oPFVgcci4MYqaAH-f4C1SRKaId4mFvtH	46712294	A4TEs9XTvuTfkaNRcVQ8vKe1ujt3um4c	82692	564.9	alt-scaffold	NT_187626.1	KI270872.1	76	109	110	ensembl-110	21	46140942	46221322	SPATC1L	+	82692	46140941	46223633	0.1770	forward	yes	yes	Ensembl
CHR_HSCHR21_6_CTG1_1	HSCHR21_6_CTG1_1	VvPvFLfSQB2hV5GHcwKcfgiTsKXt9525	46713516	rYV0LvL2EPQuX4cLHa66Ol3DJ6GHAzax	143900	324.6	alt-scaffold	NT_187627.1	KI270873.1	76	109	110	ensembl-110	21	17603695	17744061	REGION183	+	143900	17603694	17747594	0.3080	forward	yes	yes	Ensembl
CHR_HSCHR21_8_CTG1_1	HSCHR21_8_CTG1_1	sj3Yfj2k3IF7TylIaI4a9neSbDAlItsW	46713185	xZn2Lr-PhpTOIOnPcnox6F5CXPW8Yn_-	166743	280.2	alt-scaffold	NT_187628.1	KI270874.1	76	109	110	ensembl-110	21	17146893	17310433	REGION182	+	166743	17146892	17313635	0.3570	forward	yes	yes	Ensembl
CHR_HSCHR22_1_CTG1	HSCHR22_1_CTG1	T3W28fVatUKORafxj8_1m5S0QZ_tWGW-	50806372	4UtsO5P3uzzKS5LrK3MtXFpkYV3PWDQ_	162811	312.1	alt-scaffold	NW_003315971.2	GL383582.2	76	109	110	ensembl-110	22	42077656	42252562	CYP2D6	+	162811	42077655	42240466	0.3205	forward	yes	yes	Ensembl
CHR_HSCHR22_1_CTG2	HSCHR22_1_CTG2	xXD6uLHX60RBxPj1n9xuUQMAMQAlT-M-	50788525	lyuogRBpRZYux7eMQzGEwloXi8ml9OUW	96924	524.0	alt-scaffold	NW_003315972.2	GL383583.2	76	109	110	ensembl-110	22	38884294	39011160	APOBEC	+	96924	38884293	38981217	0.1908	forward	yes	yes	Ensembl
CHR_HSCHR22_1_CTG3	HSCHR22_1_CTG3	SxZlD13btvxBwOwYMkSkoEcdyVW-agWp	50827573	1aAdIiT24PCBZwQchGPn07h5CIuz21CP	259914	195.6	alt-scaffold	NT_187629.1	KI270875.1	76	109	110	ensembl-110	22	22373449	22624257	IGL	+	259914	22373448	22633362	0.5114	forward	yes	yes	Ensembl
CHR_HSCHR22_1_CTG4	HSCHR22_1_CTG4	aqImemRu9UAzeBYsFYI8OfcxT0h-OBy8	50824699	dJ5csUbtg77TYUcOaKaJSdpIYaWbFuKw	263666	192.8	alt-scaffold	NT_187630.1	KI270876.1	76	109	110	ensembl-110	22	35685234	35942668	APOL5	+	263666	35685233	35948899	0.5188	forward	yes	yes	Ensembl
CHR_HSCHR22_1_CTG5	HSCHR22_1_CTG5	ThRuadMdVTV1exvgKdZsieKmN0hKBujI	50821308	_DBhLMwJA2gfyeylRgM2iQn0_j0D4ADp	101331	501.5	alt-scaffold	NT_187631.1	KI270877.1	76	109	110	ensembl-110	22	36779214	36877704	REGION186	+	101331	36779213	36880544	0.1994	forward	yes	yes	Ensembl
CHR_HSCHR22_1_CTG6	HSCHR22_1_CTG6	HzbnNi_51ui6Cut3X871ifvD6iDfNTwF	50842710	QA3Gk9W05fGOdrFoauwYmBCywzLksXZF	186262	273.0	alt-scaffold	NT_187632.1	KI270878.1	76	109	110	ensembl-110	22	23354043	23516062	REGION184	+	186262	23354042	23540304	0.3663	forward	yes	yes	Ensembl
CHR_HSCHR22_1_CTG7	HSCHR22_1_CTG7	rbIfZ4nlV6uL8YJETQq8ZADoEACYGqZz	50872732	IRcDYGj56PHshajiocGe_gQ53fPFX-9I	304135	167.3	alt-scaffold	NT_187633.1	KI270879.1	76	109	110	ensembl-110	22	23763639	24013509	REGION185	+	304135	23763638	24067773	0.5978	forward	yes	yes	Ensembl
CHR_HSCHR22_2_CTG1	HSCHR22_2_CTG1	B1w4L0G_uQCujNFXiQpo8D2l6PJRqj8e	50830603	Bws6DcGku3rCWV-zaFzazkqAeCpgdsji	74013	686.8	alt-scaffold	NW_004504305.1	KB663609.1	76	109	110	ensembl-110	22	42077656	42139533	CYP2D6	+	74013	42077655	42151668	0.1456	forward	yes	yes	Ensembl
CHR_HSCHR22_3_CTG1	HSCHR22_3_CTG1	uGw_4AZOqax2rX4wVbRm3d2s0oS-9fAZ	50818468	RQnHwoYffoL86eXhYSWukVvUzRnigtD_	176103	288.6	alt-scaffold	NT_187682.1	KI270928.1	76	109	110	ensembl-110	22	42077656	42253758	CYP2D6	+	176103	42077655	42253758	0.3465	forward	yes	yes	Ensembl
CHR_HSCHR22_4_CTG1	HSCHR22_4_CTG1	AKox7_HrI8myhBcGB-OuQHdB2nx7Imur	50806321	RFjniP6VSvy1pL8bPtWKIxlwwXNAO31u	156562	324.5	novel-patch	NW_009646207.1	KN196485.1	79	109	110	ensembl-110	22	42085050	42253758	CYP2D6	+	156562	42085049	42241611	0.3082	forward	yes	yes	Ensembl
CHR_HSCHR22_5_CTG1	HSCHR22_5_CTG1	tQPMXwK3xi_5sh8k7BpGSGZtMl_gvylN	50832153	FA4ozDvtMo52PSCQn7WxTCvy5agv-sz2	153027	332.2	novel-patch	NW_009646208.1	KN196486.1	79	109	110	ensembl-110	22	42114417	42253758	CYP2D6	+	153027	42114416	42267443	0.3010	forward	yes	yes	Ensembl
CHR_HSCHR22_6_CTG1	HSCHR22_6_CTG1	-oWtZY-aq1OgZINfrESke7L3bSigMIWZ	50815919	oAQdM9zdoZmp3HROuRvoXB0HBw0S4Kcv	155930	325.9	novel-patch	NW_014040930.1	KQ458387.1	83	109	110	ensembl-110	22	42095280	42253758	CYP2D6	+	155930	42095279	42251209	0.3069	forward	yes	yes	Ensembl
CHR_HSCHR22_7_CTG1	HSCHR22_7_CTG1	dH-srYDJbwG7-g454RLk9lAkN1KIA8Wc	50845852	0DCWlUvEDKsAu9_ejCtZIhI2pQAKs_gU	174749	291.0	novel-patch	NW_014040931.1	KQ458388.1	83	109	110	ensembl-110	22	42106394	42253758	CYP2D6	+	174749	42106393	42281142	0.3437	forward	yes	yes	Ensembl
CHR_HSCHR22_8_CTG1	HSCHR22_8_CTG1	zXRzIoPBMLindKWWUHwyTB0t-cN0Pmt7	50832130	De1ahPZs4RDUvbkVNVnuSR6988-CXipm	145162	350.2	novel-patch	NW_015148968.1	KQ759761.1	85	109	110	ensembl-110	22	42122259	42253758	CYP2D6	+	145162	42122258	42267420	0.2856	forward	yes	yes	Ensembl
CHR_HSCHR2_1_CTG1	HSCHR2_1_CTG1	YhmnfgqGylvRCgJFTFhc-05hOXA8mesQ	242194896	f8nrtmxvSZYRYd84R7Nrn4_S9K37IWo8	120616	2008.0	alt-scaffold	NT_187522.1	KI270769.1	76	109	110	ensembl-110	2	3391898	3511146	REGION121	+	120616	3391897	3512513	0.0498	forward	yes	yes	Ensembl
CHR_HSCHR2_1_CTG15	HSCHR2_1_CTG15	gQkf2HqQC-bCsuYVXZMGsYmDLkfchWCH	242198904	lplR7ddIA7iiyP99iMCZSD4W1Jqo8LkQ	161578	1499.0	alt-scaffold	NT_187523.1	KI270767.1	76	109	110	ensembl-110	2	241961306	242117508	REGION120	+	161578	241961305	242122883	0.0667	forward	yes	yes	Ensembl
CHR_HSCHR2_1_CTG5	HSCHR2_1_CTG5	k2mJzgevq4SUh52iEOT24VvpCO-jOffp	242199562	Ty1MZgCXzlCF81bA1yojF4tQL3zpP-61	143390	1689.1	alt-scaffold	NW_003315908.1	GL383521.1	76	109	110	ensembl-110	2	36225959	36363315	REGION4	-	143390	36225958	36369348	0.0592	reverse_complement	yes	yes	Ensembl
CHR_HSCHR2_1_CTG7	HSCHR2_1_CTG7	lBxPXOzD50I6zegzYL2s9UqJ-qgQnBST	242193540	W1ijHpfgILmoFBM3G3_B1Hc_SuWVRL0G	133041	1820.4	alt-scaffold	NT_187524.1	KI270772.1	76	109	110	ensembl-110	2	90269482	90402511	REGION116	-	133041	90269481	90402522	0.0549	reverse_complement	yes	yes	Ensembl
CHR_HSCHR2_1_CTG7_2	HSCHR2_1_CTG7_2	lmive8Ztj-ZOhntklsW-wz8iM17xmQH5	242210518	V0CMtzYdkge7BgW5bmxhi0jlzyvuRY0L	123821	1956.1	alt-scaffold	NW_003315909.1	GL383522.1	76	109	110	ensembl-110	2	168830363	168937194	SPC25	+	123821	168830362	168954183	0.0511	forward	yes	yes	Ensembl
CHR_HSCHR2_2_CTG1	HSCHR2_2_CTG1	nPgouet4qGElcO6kpDmSOG_ldgOU57UC	242198346	STeQ6_klkg9xaIW9IbCAq7lJeNpNgdjC	136240	1777.7	alt-scaffold	NT_187525.1	KI270770.1	76	109	110	ensembl-110	2	728878	860300	REGION113	+	136240	728877	865117	0.0563	forward	yes	yes	Ensembl
CHR_HSCHR2_2_CTG15	HSCHR2_2_CTG15	bMRiAO10CsWvhD4pRu431NvHsQKVtFDs	242198544	8mLVfFZ3oIxb823Nc9iIreq-nRGD6k0E	161218	1502.3	alt-scaffold	NT_187647.1	KI270893.1	76	109	110	ensembl-110	2	241961306	242117508	REGION120	+	161218	241961305	242122523	0.0666	forward	yes	yes	Ensembl
CHR_HSCHR2_2_CTG7	HSCHR2_2_CTG7	9jLNrLyK_7XyDU40cDynnpwf5C8W3Y-9	242223512	rfUURzJWMoVVxgGXX66DHPHAZ9N4JDvZ	214158	1131.1	alt-scaffold	NT_187648.1	KI270894.1	76	109	110	ensembl-110	2	90218337	90402511	REGION116	+	214158	90218336	90432494	0.0884	forward	yes	yes	Ensembl
CHR_HSCHR2_2_CTG7_2	HSCHR2_2_CTG7_2	5pivwPSVwIL8r5bO4vPU0z-E-ng5F6BY	242199609	10yp1VWMurzO9zF1l7rhscuh_oRLSTew	96131	2519.5	alt-scaffold	NW_003571033.2	GL582966.2	76	109	110	ensembl-110	2	148934069	149024119	REGION44	+	96131	148934068	149030199	0.0397	forward	yes	yes	Ensembl
CHR_HSCHR2_3_CTG1	HSCHR2_3_CTG1	0mrGf55LDXI_Qpry1Vf-Wl_kgPLB_DHX	242195626	rU08r6kT8fbZwK2arffEwdyCQ0ijDHbo	70887	3416.6	alt-scaffold	NT_187526.1	KI270773.1	76	109	110	ensembl-110	2	1204935	1273724	REGION114	+	70887	1204934	1275821	0.0293	forward	yes	yes	Ensembl
CHR_HSCHR2_3_CTG15	HSCHR2_3_CTG15	4r5Tttg0P8n-ulxnXRezcVdRs6X5qmPn	242194292	68oFh38v-ZYbo8antSTv-KSRrHCYpcGg	174166	1390.6	alt-scaffold	NT_187527.1	KI270776.1	76	109	110	ensembl-110	2	241787903	241961305	REGION120	+	174166	241787902	241962068	0.0719	forward	yes	yes	Ensembl
CHR_HSCHR2_3_CTG7_2	HSCHR2_3_CTG7_2	mp5N_Y_iezV-nWRPEMUlreVwjTnMDdNF	242194557	diw0dVVktKxaPm425ZEKf3FrA3fmGmMg	110099	2199.8	alt-scaffold	NT_187528.1	KI270768.1	76	109	110	ensembl-110	2	131697037	131806107	REGION119	+	110099	131697036	131807135	0.0455	forward	yes	yes	Ensembl
CHR_HSCHR2_4_CTG1	HSCHR2_4_CTG1	59GigsG8PetF9JK4PJUX1nKa2U7qj4Lc	242191076	AS9PrLCgByckU31kuSmWdjqaASyXMBT1	223625	1083.0	alt-scaffold	NT_187529.1	KI270774.1	76	109	110	ensembl-110	2	1315177	1541254	REGION115	+	223625	1315176	1538801	0.0923	forward	yes	yes	Ensembl
CHR_HSCHR2_4_CTG7_2	HSCHR2_4_CTG7_2	7ek7el311_TItaNDLZVwUm-XXA9-bgF0	242196589	xhWP6Gc0TD7gRgBI0p71NYf99ju5Cuhm	110395	2193.9	alt-scaffold	NT_187530.1	KI270771.1	76	109	110	ensembl-110	2	116874515	116981849	REGION118	+	110395	116874514	116984909	0.0456	forward	yes	yes	Ensembl
CHR_HSCHR2_5_CTG7_2	HSCHR2_5_CTG7_2	-frD9ATTUFmgiIqXuItnA0GG31W0mfWk	242199685	ibIyBleqU02yGiyM_QDff_Pz9HjCEMMj	138019	1754.8	alt-scaffold	NT_187531.1	KI270775.1	76	109	110	ensembl-110	2	115908855	116040717	REGION117	+	138019	115908854	116046873	0.0570	forward	yes	yes	Ensembl
CHR_HSCHR2_6_CTG7_2	HSCHR2_6_CTG7_2	wWL0PBKAMeOUeTDEYJg7vJBV0AheCmam	242198149	IH6sE-fnwrA-LwRCs_IoxEolCRBCjvFl	535088	452.6	novel-patch	NW_015495299.1	KQ983256.1	85	109	110	ensembl-110	2	205890983	206421450	REGION233	+	535088	205890982	206426070	0.2209	forward	yes	yes	Ensembl
CHR_HSCHR2_7_CTG7_2	HSCHR2_7_CTG7_2	VP_nClZFCLrnXydvcDIdo_FZNj2riZPw	242202531	rmTwwIzzPSKJKlZ1iHr8vD8xjrkxOFTH	181658	1333.3	novel-patch	NW_018654709.1	KZ208907.1	92	109	110	ensembl-110	2	126189128	126361783	REGION248	+	181658	126189127	126370785	0.0750	forward	yes	yes	Ensembl
CHR_HSCHR2_8_CTG7_2	HSCHR2_8_CTG7_2	LT63K6a8LFbWDGrnd5l5Zf8dhcSOi3Az	242199670	shhx8dL4dAiKF2x9BYZK-AWBiMGCrNRy	140361	1725.5	novel-patch	NW_018654710.1	KZ208908.1	92	109	110	ensembl-110	2	208007848	208142067	REGION249	+	140361	208007847	208148208	0.0580	forward	yes	yes	Ensembl
CHR_HSCHR3_1_CTG1	HSCHR3_1_CTG1	8w4QupZZ9B7InmMyX3w6xwEtAsZlwF6V	198297480	XI0Wu6ks0XtIGZGr2GJN53L1pjzoArDf	173151	1145.2	alt-scaffold	NW_003871060.2	JH636055.2	76	109	110	ensembl-110	3	11815268	11986497	REGION73	-	173151	11815267	11988418	0.0873	reverse_complement	yes	yes	Ensembl
CHR_HSCHR3_1_CTG2_1	HSCHR3_1_CTG2_1	c9_yxmEwtU5KFgMDoR1tHVDylygXI_G0	198306097	GUN8-TYOZWIwvkcWk4bCnaEPxBMwMTdn	180671	1097.6	alt-scaffold	NW_003315913.1	GL383526.1	76	109	110	ensembl-110	3	151589366	151759498	REGION5	+	180671	151589365	151770036	0.0911	forward	yes	yes	Ensembl
CHR_HSCHR3_1_CTG3	HSCHR3_1_CTG3	vp_7lzgMxEQSQYP48Hgdp0dUpIF5eIZk	198302882	VfiJcXkdRHtStj16e7Xrn9NynMHCeZOJ	205312	965.9	alt-scaffold	NT_187532.1	KI270779.1	76	109	110	ensembl-110	3	195629504	195827492	MUCIN_REGION_2	+	205312	195629503	195834815	0.1035	forward	yes	yes	Ensembl
CHR_HSCHR3_2_CTG2_1	HSCHR3_2_CTG2_1	8len9mrPHzKCjjvZ_FT3-Qwwr5E-NLp5	198298736	dv28DR88BtaiPqzTm3kiIrbxSY7riEPE	173649	1142.0	alt-scaffold	NT_187533.1	KI270777.1	76	109	110	ensembl-110	3	154111571	154282042	REGION124	-	173649	154111570	154285219	0.0876	reverse_complement	yes	yes	Ensembl
CHR_HSCHR3_2_CTG3	HSCHR3_2_CTG3	0QtsdC9JnMt8HC4Flr0bvBQB0yqZlks2	198296961	wha-R1tWYNtmUQO_DFgCBrB_UpLxdaZV	162429	1220.8	alt-scaffold	NT_187534.1	KI270782.1	76	109	110	ensembl-110	3	197397856	197558882	REGION127	-	162429	197397855	197560284	0.0819	reverse_complement	yes	yes	Ensembl
CHR_HSCHR3_3_CTG1	HSCHR3_3_CTG1	8t0OpOaIo8upWDjaIJ4R6HADPBCw7hrU	198300110	51z7LccuEaAJoppILsqiPQnKEND0j1D_	109187	1816.2	alt-scaffold	NT_187535.1	KI270783.1	76	109	110	ensembl-110	3	20277967	20382602	REGION122	+	109187	20277966	20387153	0.0551	forward	yes	yes	Ensembl
CHR_HSCHR3_3_CTG2_1	HSCHR3_3_CTG2_1	qEiwJUxY-ivGPZfe0AXyKOFU5EVzQkH8	198300421	nDflcu34zeiGnLNJO9mU4rMpP8ttMoEc	248252	798.8	alt-scaffold	NT_187536.1	KI270778.1	76	109	110	ensembl-110	3	166300784	166544173	REGION125	+	248252	166300783	166549035	0.1252	forward	yes	yes	Ensembl
CHR_HSCHR3_3_CTG3	HSCHR3_3_CTG3	d5t10g_oZ_C-w-jvNVtPNryBp_Cmepx-	198293223	2OYdJ5t_233ivPkfx6VvlNyCrXGOdFCL	162896	1217.3	alt-scaffold	NT_187649.1	KI270895.1	76	109	110	ensembl-110	3	195629504	195794735	MUCIN_REGION_2	-	162896	195629503	195792399	0.0821	reverse_complement	yes	yes	Ensembl
CHR_HSCHR3_4_CTG1	HSCHR3_4_CTG1	KOsA_AJXPChADvFNc7B9aM-SFUF6tXF_	198310749	s2W1p1MffUnDl3UYlChG6ALtyphGt36H	175849	1127.7	novel-patch	NW_018654711.1	KZ208909.1	92	109	110	ensembl-110	3	84799968	84960626	REGION250	+	175849	84799967	84975816	0.0887	forward	yes	yes	Ensembl
CHR_HSCHR3_4_CTG2_1	HSCHR3_4_CTG2_1	A4Yx77UuWyFadF2180hqyySMq2ZQkf4z	198301383	XEybNnMwxudbDQXYAuUsvIiNgqaSqhTP	224108	884.8	alt-scaffold	NT_187537.1	KI270780.1	76	109	110	ensembl-110	3	125665519	125883802	REGION123	+	224108	125665518	125889626	0.1130	forward	yes	yes	Ensembl
CHR_HSCHR3_4_CTG3	HSCHR3_4_CTG3	5fRLh0LOMDx0sQVoUdzbNFCd8A9KVmJR	198296867	dlLml9pNnpyBkve6cCmHT8TxyJbbIRot	166540	1190.7	alt-scaffold	NT_187678.1	KI270924.1	76	109	110	ensembl-110	3	195629504	195794735	MUCIN_REGION_2	-	166540	195629503	195796043	0.0840	reverse_complement	yes	yes	Ensembl
CHR_HSCHR3_5_CTG1	HSCHR3_5_CTG1	VHOthXVWBbM9Aog9J1nLBlpNoLLDaZzq	198305844	Qa_sm_BNvHC955hlgVzEMnMi_zXPQOv2	215443	920.5	novel-patch	NW_021159989.1	ML143343.1	98	109	110	ensembl-110	3	75363639	75568796	REGION277	+	215443	75363638	75579081	0.1086	forward	yes	yes	Ensembl
CHR_HSCHR3_5_CTG2_1	HSCHR3_5_CTG2_1	KGi0VqE_evkwPRc4l3X2rxtTmXh1sAVI	198300594	Ft1rlkyC6tg0zSex3L9Nl3QNMSMvlWpY	113034	1754.3	alt-scaffold	NT_187538.1	KI270781.1	76	109	110	ensembl-110	3	184425340	184533338	REGION126	-	113034	184425339	184538373	0.0570	reverse_complement	yes	yes	Ensembl
CHR_HSCHR3_5_CTG3	HSCHR3_5_CTG3	cdY8AJ2MEkZOgjdDTp5odg61r5-1i7zA	198293785	tlJs2cwdsbZLPjbwJVJBjGdCPxeahba2	163458	1213.1	alt-scaffold	NT_187688.1	KI270934.1	76	109	110	ensembl-110	3	195629504	195794735	MUCIN_REGION_2	-	163458	195629503	195792961	0.0824	reverse_complement	yes	yes	Ensembl
CHR_HSCHR3_6_CTG2_1	HSCHR3_6_CTG2_1	Ci50hKqNyhjE0illcHFAO4XOdhrXgipE	198305007	EWjkEkxTZetGWuUyYdH0mGH9-QqZTCFo	195063	1016.6	novel-patch	NW_019805492.1	KZ559105.1	92	109	110	ensembl-110	3	112116711	112302325	REGION263	+	195063	112116710	112311773	0.0984	forward	yes	yes	Ensembl
CHR_HSCHR3_6_CTG3	HSCHR3_6_CTG3	8P61P9hJDpYssT0iLZ-l1tnNLU7qjqfc	198294921	M6LYFN0j2_bTQG1phdXDW9Tkt3D045xx	197351	1004.8	alt-scaffold	NT_187689.1	KI270935.1	76	109	110	ensembl-110	3	195629504	195827492	MUCIN_REGION_2	+	197351	195629503	195826854	0.0995	forward	yes	yes	Ensembl
CHR_HSCHR3_7_CTG2_1	HSCHR3_7_CTG2_1	WIgT6Uvtf3D-nUqXkXR2cV92i_UEERyT	198301024	pWsu-gTLQU5mQr7M3KVf9OdwjR2s5fTt	164041	1208.9	novel-patch	NW_019805488.1	KZ559101.1	92	109	110	ensembl-110	3	176115490	176274065	REGION266	+	164041	176115489	176279530	0.0827	forward	yes	yes	Ensembl
CHR_HSCHR3_7_CTG3	HSCHR3_7_CTG3	uOEdHj2u-azoWjb5mKEaJGYMduZFbTt9	198294497	wbqOjlvBlORdkiGHdNFx3dSQIn2Trr1G	164170	1207.9	alt-scaffold	NT_187690.1	KI270936.1	76	109	110	ensembl-110	3	195629504	195794735	MUCIN_REGION_2	-	164170	195629503	195793673	0.0828	reverse_complement	yes	yes	Ensembl
CHR_HSCHR3_8_CTG2_1	HSCHR3_8_CTG2_1	FsNvr9246zRzd17G_hznjMTIkMzabCbI	198302280	H4P7LO1-gzIBXInQ_ueKiMtinBNtJXoE	197752	1002.8	novel-patch	NW_019805489.1	KZ559102.1	92	109	110	ensembl-110	3	175333210	175524240	REGION265	+	197752	175333209	175530961	0.0997	forward	yes	yes	Ensembl
CHR_HSCHR3_8_CTG3	HSCHR3_8_CTG3	AX7Jp3qHlvvoKef93Pkw0jO6dyzPxM0H	198295934	dNAzYYuHaSQ_6iwhuEYf94VZWJ8EAeDG	165607	1197.4	alt-scaffold	NT_187691.1	KI270937.1	76	109	110	ensembl-110	3	195629504	195794735	MUCIN_REGION_2	-	165607	195629503	195795110	0.0835	reverse_complement	yes	yes	Ensembl
CHR_HSCHR3_9_CTG2_1	HSCHR3_9_CTG2_1	wdkVFsIbyOvqkOt_TUeIymtho0HTwNp4	198302489	8sVphdaz48hgqGjDbZedOD_kX_lYvlrx	302885	654.7	novel-patch	NW_019805490.1	KZ559103.1	92	109	110	ensembl-110	3	128137812	128433766	REGION264	+	302885	128137811	128440696	0.1527	forward	yes	yes	Ensembl
CHR_HSCHR3_9_CTG3	HSCHR3_9_CTG3	7qjeq12u4VX5ils-BOL4H30Nm6pbfNd7	198291952	RAunl7LtBhW-Ur_EVFo0r9k2F7nejYSK	184404	1075.3	alt-scaffold	NT_187539.1	KI270784.1	76	109	110	ensembl-110	3	198047549	198235559	REGION128	-	184404	198047548	198231952	0.0930	reverse_complement	yes	yes	Ensembl
CHR_HSCHR4_11_CTG12	HSCHR4_11_CTG12	Zlm7vPCYydKQVqCgVSLWrgoJFNyMpZbb	190233769	DbwDPpW_50rmyEwfXinDKJSOrmu0S32a	205407	926.1	novel-patch	NW_015495301.1	KQ983258.1	85	109	110	ensembl-110	4	189907071	190093263	REGION134	+	205404	189907070	190112477	0.1080	forward	yes	yes	Ensembl
CHR_HSCHR4_12_CTG12	HSCHR4_12_CTG12	ZDLmn6IA25GNIhysgfcbPxBrsFcILGRu	190221648	8Tnxc3xsxteWRD0wolgvE0CjTNrUqv8y	420675	452.2	novel-patch	NW_017363814.1	KV766193.1	88	109	110	ensembl-110	4	154079465	154493046	REGION236	+	420675	154079464	154500139	0.2211	forward	yes	yes	Ensembl
CHR_HSCHR4_1_CTG12	HSCHR4_1_CTG12	XyUig-qcxMwEI1aMFuDUyfYTdAoHR8ly	190227204	PZYl7DEKtgH9B4KBRqe1D_Z2XbZmqRfB	164536	1156.1	alt-scaffold	NW_003315914.1	GL383527.1	76	109	110	ensembl-110	4	155835378	155987264	REGION7	+	164536	155835377	155999913	0.0865	forward	yes	yes	Ensembl
CHR_HSCHR4_1_CTG4	HSCHR4_1_CTG4	nkoDBKS8HiBIs8GfgHSLXzDCuUyKtZoD	190221757	UXZi25XgrqYdmNvS7KCJphN0iI2HHKai	220246	863.7	alt-scaffold	NT_187540.1	KI270790.1	76	109	110	ensembl-110	4	21521367	21734410	REGION129	+	220246	21521366	21741612	0.1158	forward	yes	yes	Ensembl
CHR_HSCHR4_1_CTG6	HSCHR4_1_CTG6	1fsXt2r35V3sKWIEw7dN_7mNjeWjKUa8	190224838	OksgIOusUef0rdKcDyt0NB9MkqaaAVj0	376187	505.7	alt-scaffold	NW_003315915.1	GL383528.1	76	109	110	ensembl-110	4	34517955	34883858	REGION6	+	376187	34517954	34894141	0.1978	forward	yes	yes	Ensembl
CHR_HSCHR4_1_CTG8_1	HSCHR4_1_CTG8_1	cY6TtOE2_ksiM7aWuOVHdIqD2EMK_G-N	190218838	-j0aUJS62vmpwSMuGHaTuD5PD6ZPLiDa	111943	1699.2	alt-scaffold	NT_187541.1	KI270787.1	76	109	110	ensembl-110	4	55678095	55785754	REGION130	+	111943	55678094	55790037	0.0588	forward	yes	yes	Ensembl
CHR_HSCHR4_1_CTG9	HSCHR4_1_CTG9	NbKNhjlk91HpJHJH5JKH7V6aNMiUm4JS	190096932	04xmpFbzZiCj3JTIiKdmKjTEIUXazvZf	586476	324.1	alt-scaffold	NT_167250.2	GL000257.2	76	109	110	ensembl-110	4	68306359	69010457	UGT2B17	+	586476	68306358	68892834	0.3085	forward	yes	yes	Ensembl
CHR_HSCHR4_2_CTG12	HSCHR4_2_CTG12	2n2qSH4ah588MH_NZlq0RHGVuMeMm3rg	190206797	dDz3JalgHwXRsYlNxzBuVzCgt7a-_lfA	119912	1586.2	alt-scaffold	NT_187542.1	KI270785.1	76	109	110	ensembl-110	4	186920392	187048061	REGION132	+	119912	186920391	187040303	0.0630	forward	yes	yes	Ensembl
CHR_HSCHR4_2_CTG4	HSCHR4_2_CTG4	bEuSMg4h3Qp8v_paMQ7iao5ZSC25BUDJ	190217898	LIni0YVq80BXEzY_rTzZ5vIAOBqSZ_aQ	90922	2092.1	novel-patch	NW_013171799.1	KQ090013.1	83	109	110	ensembl-110	4	14931450	15019028	REGION222	+	90922	14931449	15022371	0.0478	forward	yes	yes	Ensembl
CHR_HSCHR4_3_CTG12	HSCHR4_3_CTG12	Ks9sfil11h5tICnQTRdKP_Kod1w_C-nb	190218028	NJXsBHnEIETvkRII9MF2EEYRLLwK9aCD	244096	779.3	alt-scaffold	NT_187543.1	KI270786.1	76	109	110	ensembl-110	4	189666448	189907070	REGION134	+	244096	189666447	189910543	0.1283	forward	yes	yes	Ensembl
CHR_HSCHR4_4_CTG12	HSCHR4_4_CTG12	F1_wfvU4jJfHEdMuJPkT1LzEaG3fd1Ob	190220704	OTIVJy_KdaopB-CUJs52LpsThmVoKof7	158965	1196.6	alt-scaffold	NT_187544.1	KI270788.1	76	109	110	ensembl-110	4	120164199	120317014	REGION131	+	158965	120164198	120323163	0.0836	forward	yes	yes	Ensembl
CHR_HSCHR4_5_CTG12	HSCHR4_5_CTG12	NRXK-8l3LBkGDydguAkUeW1Re5rSXb2h	190219562	RyEr8j9KyJeP56NSneG-rAqW_AgEmGNc	205944	923.6	alt-scaffold	NT_187545.1	KI270789.1	76	109	110	ensembl-110	4	188341423	188542359	REGION133	+	205944	188341422	188547366	0.1083	forward	yes	yes	Ensembl
CHR_HSCHR4_6_CTG12	HSCHR4_6_CTG12	hAZ2ipWSepjANbo5uLFytxmc1runFU5D	190218533	f_YKg6ujj5uOa8YcoVYBO8i-UTQvp1Nf	378547	502.5	alt-scaffold	NT_187650.1	KI270896.1	76	109	110	ensembl-110	4	189666448	190041016	REGION134	+	378547	189666447	190044994	0.1990	forward	yes	yes	Ensembl
CHR_HSCHR4_7_CTG12	HSCHR4_7_CTG12	szFh8QbJmVtHZGWDqhMAyKEvzncPqGzY	190225141	SFCn6AOMkj6hxYRH3IuAjj92MwM0Gj9e	555799	342.3	alt-scaffold	NT_187679.1	KI270925.1	76	109	110	ensembl-110	4	189361858	189907070	REGION134	+	555799	189361857	189917656	0.2922	forward	yes	yes	Ensembl
CHR_HSCHR4_8_CTG12	HSCHR4_8_CTG12	7XraD20hxv15VYpyBEGj6q5edMpHC6qR	190218480	K_ZKOd9m39OjUzUHJVMmjLrT92oaHuLA	163749	1161.6	novel-patch	NW_013171800.1	KQ090014.1	83	109	110	ensembl-110	4	65880454	66040277	REGION223	+	163749	65880453	66044202	0.0861	forward	yes	yes	Ensembl
CHR_HSCHR4_9_CTG12	HSCHR4_9_CTG12	iW1TURtqgdm0xQb5ZsANAd_mjdUmud4v	190219005	gATNmy8W8E7YP5a2HVnnklUT7_t9vf9K	236512	804.3	novel-patch	NW_013171801.1	KQ090015.1	83	109	110	ensembl-110	4	69959865	70191926	REGION224	+	236512	69959864	70196376	0.1243	forward	yes	yes	Ensembl
CHR_HSCHR5_1_CTG1	HSCHR5_1_CTG1	NmdjGev6RkXawI1ljACtVzo3vtlKNT3z	181558402	8aqteC5jCbtrr33OmtXu4jGyrmbvzfgM	82728	2194.6	alt-scaffold	NW_003315920.1	GL383532.1	76	109	110	ensembl-110	5	12681426	12744010	REGION9	-	82728	12681425	12764153	0.0456	reverse_complement	yes	yes	Ensembl
CHR_HSCHR5_1_CTG1_1	HSCHR5_1_CTG1_1	kNX7_SiovzyPErpANjGsrge5aq5FyYhi	180863570	6B_7lmToxv-R6Sd_0TR7PO1CUD4fMM_C	1144418	158.0	alt-scaffold	NT_187651.1	KI270897.1	76	109	110	ensembl-110	5	69795337	71614443	SMA	+	1094418	69795336	70939754	0.6051	forward	yes	yes	Ensembl
CHR_HSCHR5_1_CTG5	HSCHR5_1_CTG5	-I0ysnfROIOBDd0cXdrRbTSj_OTxpURR	181543736	buP2JSI5lAEk8i2XtyuGWf94SwMg13cZ	173459	1046.6	alt-scaffold	NW_003315919.1	GL383531.1	76	109	110	ensembl-110	5	162373667	162541648	REGION8	-	173459	162373666	162547125	0.0955	reverse_complement	yes	yes	Ensembl
CHR_HSCHR5_2_CTG1	HSCHR5_2_CTG1	dY6Vo7Il-8IPCHbKOeMjTjj73Va9sLPw	181547139	SOVDMTYGIxAemENYORhBIKG1UtMN-Cxx	226852	800.3	alt-scaffold	NW_003571036.1	GL949742.1	76	109	110	ensembl-110	5	29036498	29254469	REGION61	b	226852	29036497	29263349	0.1250	forward	yes	yes	Ensembl
CHR_HSCHR5_2_CTG1_1	HSCHR5_2_CTG1_1	gTqR-pAMg9geAqWS83g-zbvDPZss7hGX	180753562	eoMIu0vekNCOHBLKD0EwW7XJp-siHEGF	1612928	112.1	alt-scaffold	NW_003315917.2	GL339449.2	76	109	110	ensembl-110	5	69216819	71614443	SMA	b	1512928	69216818	70829746	0.8370	forward	yes	yes	Ensembl
CHR_HSCHR5_2_CTG5	HSCHR5_2_CTG5	pKXaaOr8YzwRahpXtvvnfXRZiVlZxveR	181542206	yljB6U9SRoWGw_dvR5KdY37ODgCmGoql	131892	1376.4	alt-scaffold	NT_187546.1	KI270795.1	76	109	110	ensembl-110	5	177865465	177993409	REGION138	+	131892	177865464	177997356	0.0727	forward	yes	yes	Ensembl
CHR_HSCHR5_3_CTG1	HSCHR5_3_CTG1	Bk2dk8CpeLPFdj_rT4sTdlKBwTzIO_q0	181542495	C0ccw2a21RzFAAYrYa__tHUR8TsbDuib	195710	927.6	alt-scaffold	NT_187547.1	KI270791.1	76	109	110	ensembl-110	5	1318299	1509772	SLC6A3	-	195710	1318298	1514008	0.1078	reverse_complement	yes	yes	Ensembl
CHR_HSCHR5_3_CTG1_1	HSCHR5_3_CTG1_1	t3Jmr-x4RFSuWAI_NSaL96Ss8z2iv6RD	181554865	UQf4P8h55Z6EdK5tczmAACezbKN5QQev	101241	1793.3	alt-scaffold	NW_003315918.1	GL383530.1	76	109	110	ensembl-110	5	95169857	95254491	MCTP1	-	101241	95169856	95271097	0.0558	reverse_complement	yes	yes	Ensembl
CHR_HSCHR5_3_CTG5	HSCHR5_3_CTG5	plYcvpAAGINnRPc95ZC7rZIL2Q0AsWLT	181538569	8N-MyFguW6S8ARZF2ATY1Y-C0WhVHVYf	130957	1386.2	alt-scaffold	NT_187652.1	KI270898.1	76	109	110	ensembl-110	5	177865465	177996111	REGION138	+	130957	177865464	177996421	0.0721	forward	yes	yes	Ensembl
CHR_HSCHR5_4_CTG1	HSCHR5_4_CTG1	fYbzxsPG36SBBpXGt4JAeqTTwyJlgU5J	181537434	uqV14FRLzhJ59_NCXN0BsQjRcrc4wQ_I	179043	1013.9	alt-scaffold	NT_187548.1	KI270792.1	76	109	110	ensembl-110	5	981494	1161361	SLC12A7	+	179043	981493	1160536	0.0986	forward	yes	yes	Ensembl
CHR_HSCHR5_4_CTG1_1	HSCHR5_4_CTG1_1	QuGS0NT66WOUTTinKU1LRyo2fkS10IIG	181546281	QJYQpMzUaQmW2dOGCmmxGjm-gKBdGkgd	172708	1051.2	alt-scaffold	NT_187549.1	KI270796.1	76	109	110	ensembl-110	5	125279466	125444151	REGION137	+	172708	125279465	125452173	0.0951	forward	yes	yes	Ensembl
CHR_HSCHR5_5_CTG1	HSCHR5_5_CTG1	XlVFtt4-rOUxkNapsufsp3AM8-3gn3hK	181539933	ypl-iaOfBtbzFmdcFUxZXSN8i0wrfhK1	126136	1439.2	alt-scaffold	NT_187550.1	KI270793.1	76	109	110	ensembl-110	5	502435	626896	REGION135	-	126136	502434	628570	0.0695	reverse_complement	yes	yes	Ensembl
CHR_HSCHR5_6_CTG1	HSCHR5_6_CTG1	blOLEGzbLdSUL3g2kmdxFEGRltA7GkiV	181540245	OIu0GcnzJ_kv5Yi-42mWoDL2DSOFtjlh	164558	1103.2	alt-scaffold	NT_187551.1	KI270794.1	76	109	110	ensembl-110	5	33800665	33963236	REGION136	+	164558	33800664	33965222	0.0906	forward	yes	yes	Ensembl
CHR_HSCHR5_7_CTG1	HSCHR5_7_CTG1	BGFaUqb1jKCD2oIxKTynl7U7EhVGRZFh	181544732	SkeLAI3lFKL60QpTy9uWkl2n68G1gGJx	139087	1305.3	novel-patch	NW_009646199.1	KN196477.1	79	109	110	ensembl-110	5	21098347	21230960	REGION193	+	139087	21098346	21237433	0.0766	forward	yes	yes	Ensembl
CHR_HSCHR5_8_CTG1	HSCHR5_8_CTG1	bNnGppkjtj0Vuw3t-kEHiBl-81yb9VcZ	181668817	-BoAmALcytk_GsW7YGbaKKaPTLMDK71V	362221	501.5	novel-patch	NW_016107297.1	KV575243.1	88	109	110	ensembl-110	5	21448370	21713081	GUSBP1	+	362221	21481418	21843639	0.1994	forward	no	yes	Ensembl
CHR_HSCHR5_9_CTG1	HSCHR5_9_CTG1	VragORhDwnkIbfnYl-bZrAvOFgGF3J3-	181543440	zjat3WNskBp-XOR7rNCd4GqwragmRYxR	135987	1335.0	novel-patch	NW_018654712.1	KZ208910.1	92	109	110	ensembl-110	5	3768476	3899281	REGION251	+	135987	3768475	3904462	0.0749	forward	yes	yes	Ensembl
CHR_HSCHR6_1_CTG10	HSCHR6_1_CTG10	Z9_VNvEG-4HBzTnqY08gM9FmIdtb53WU	170810830	NC8AiIrnWrX1On2agqvPgXQTup5-Zkx_	82315	2075.1	novel-patch	NW_013171803.1	KQ090017.1	83	109	110	ensembl-110	6	13101650	13179113	REGION225	+	82315	13101649	13183964	0.0482	forward	yes	yes	Ensembl
CHR_HSCHR6_1_CTG2	HSCHR6_1_CTG2	EM52671PXidb2-qUkOHQcOJScwCTzt6V	170833811	8WpZeULvL3qqYUSdxv4RyI7BblG0UkU4	124736	1369.6	alt-scaffold	NW_003315921.1	GL383533.1	76	109	110	ensembl-110	6	79350008	79446911	REGION10	-	124736	79350007	79474743	0.0730	reverse_complement	yes	yes	Ensembl
CHR_HSCHR6_1_CTG3	HSCHR6_1_CTG3	pNP5V-FjGUhT-dS7dJENIy_cN3aGYxwH	170836231	0hIP48RklPWoM9e4TAFsEZ43J8dRLHNI	185823	919.3	alt-scaffold	NW_004166862.2	KB021644.2	76	109	110	ensembl-110	6	168796076	168951646	REGION99	+	185823	168796075	168981898	0.1088	forward	yes	yes	Ensembl
CHR_HSCHR6_1_CTG4	HSCHR6_1_CTG4	1QTg4wi1CekzEjcR2aHwZWeOJpu6ZyTu	170808607	FzQFgB4dpLbSpGp5WvuMNzq6MPKvdlyE	197536	864.7	alt-scaffold	NT_187552.1	KI270797.1	76	109	110	ensembl-110	6	169724799	169919706	REGION143	+	197536	169724798	169922334	0.1156	forward	yes	yes	Ensembl
CHR_HSCHR6_1_CTG5	HSCHR6_1_CTG5	apnhMqDRgluJMJBByvb40tEKalAyVk2R	170815302	LtzPuZLZnYH6pO1IrTjYgPEKdEhRS5ud	271782	628.5	alt-scaffold	NT_187553.1	KI270798.1	76	109	110	ensembl-110	6	170272763	170535221	REGION144	+	271782	170272762	170544544	0.1591	forward	yes	yes	Ensembl
CHR_HSCHR6_1_CTG6	HSCHR6_1_CTG6	jWmICCE2hZCaEaHfs6o6vF4rJrT8Ex9x	170818797	sbIBtYpUNHu8PwQeGnMM5eGITNpoRJcz	152148	1122.7	alt-scaffold	NT_187554.1	KI270799.1	76	109	110	ensembl-110	6	68262879	68402208	REGION140	+	152148	68262878	68415026	0.0891	forward	yes	yes	Ensembl
CHR_HSCHR6_1_CTG7	HSCHR6_1_CTG7	HX8ID5eeNF1ujM3ajICvs7NOKs7ATKhF	170812567	EoFUoPtnHWts2dpvMw4zusf2yLpbJryB	175808	971.6	alt-scaffold	NT_187555.1	KI270800.1	76	109	110	ensembl-110	6	65774814	65944033	REGION139	+	175808	65774813	65950621	0.1029	forward	yes	yes	Ensembl
CHR_HSCHR6_1_CTG8	HSCHR6_1_CTG8	DeMUgCZKA2imuhEp4AaJRFBChW7O0ANn	170810115	A9JuPqOYDdW3QQBBVIK6n-63zIicT8E6	870480	196.2	alt-scaffold	NT_187556.1	KI270801.1	76	109	110	ensembl-110	6	127654803	128521146	REGION141	+	870480	127654802	128525282	0.5096	forward	yes	yes	Ensembl
CHR_HSCHR6_1_CTG9	HSCHR6_1_CTG9	9rrR8ntD2EMAOUcDbpL8lQo7LwpX8BXf	170815583	PuSTfY50a94aCw73WVarS2WjiLFyJkFN	75005	2277.4	alt-scaffold	NT_187557.1	KI270802.1	76	109	110	ensembl-110	6	166220580	166285980	REGION142	+	75005	166220579	166295584	0.0439	forward	yes	yes	Ensembl
CHR_HSCHR6_8_CTG1	HSCHR6_8_CTG1	i9FNdyol1wQh71SHrR7qljvY7-irqGh9	170813052	DoD7UJm-N3FZn0RFEEM6d_nCcX79Zkm1	76752	2225.5	alt-scaffold	NT_187692.1	KI270758.1	76	109	110	ensembl-110	6	32385054	32454732	MHC	-	76752	32385053	32461805	0.0449	reverse_complement	yes	yes	Ensembl
CHR_HSCHR6_MHC_APD_CTG1	HSCHR6_MHC_APD_CTG1	wXyjUJZGAmZa6Q4JzF4iJh_KS2eaB0FE	170845044	pTtOib7jGZL9lETO295VEWn8jZ9RYCvj	4672374	36.6	alt-scaffold	NT_167244.2	GL000250.2	76	109	110	ensembl-110	6	28734408	33367716	MHC	+	2370831	28734407	33406781	1.3877	forward	yes	yes	Ensembl
CHR_HSCHR6_MHC_COX_CTG1	HSCHR6_MHC_COX_CTG1	VKr6JHQcNnMgHMthGlnDGx3JhZSFXJm1	170727598	d34Ol6qoNpL78UaEVKAmpG-90k4ncP_V	4795265	35.6	alt-scaffold	NT_113891.3	GL000251.2	76	109	110	ensembl-110	6	28510120	33383765	MHC	+	4795265	28510119	33305384	2.8087	forward	yes	yes	Ensembl
CHR_HSCHR6_MHC_DBB_CTG1	HSCHR6_MHC_DBB_CTG1	CkJ-cBiuHj8DRLtU6SxIos4_P6r19WPp	170783898	DvphJRvr6IhCptwmxq8dmvdZFYAljPSQ	4604811	37.1	alt-scaffold	NT_167245.2	GL000252.2	76	109	110	ensembl-110	6	28734408	33361299	MHC	+	4198717	28734407	33339218	2.4585	forward	yes	yes	Ensembl
CHR_HSCHR6_MHC_MANN_CTG1	HSCHR6_MHC_MANN_CTG1	9BovG_6O4ng4AcltWI1V03D-7TpHZndo	170959829	MjujHSAsgNWRTX4w3ysM7b5OVhZpdXu1	4677643	36.5	alt-scaffold	NT_167246.2	GL000253.2	76	109	110	ensembl-110	6	28734408	33258200	MHC	+	4095121	28734407	33412050	2.3954	forward	yes	yes	Ensembl
CHR_HSCHR6_MHC_MCF_CTG1	HSCHR6_MHC_MCF_CTG1	UE_SCgpxMyO4H0t0NmkqeNc5UkmCz1Kq	170976334	SrGK8_YZostHNQuj1I9fka9Tcy70IZhR	4827813	35.4	alt-scaffold	NT_167247.2	GL000254.2	76	109	110	ensembl-110	6	28734408	33391865	MHC	+	3789326	28734407	33562220	2.2163	forward	yes	yes	Ensembl
CHR_HSCHR6_MHC_QBL_CTG1	HSCHR6_MHC_QBL_CTG1	aSsKM1MGbG9lGmrX00BN0UWLpx-7GD4_	170734801	R8Po47bUO0c1b8UaorA5TgahlaEUVdX9	4606388	37.1	alt-scaffold	NT_167248.2	GL000255.2	76	109	110	ensembl-110	6	28734408	33411973	MHC	+	4289729	28734407	33340795	2.5125	forward	yes	yes	Ensembl
CHR_HSCHR6_MHC_SSTO_CTG1	HSCHR6_MHC_SSTO_CTG1	XDX_gVa0l1gglBV6tlrEvNWJ7YvHIKKb	170946136	Q8IworEhpLeXwpz1CHM7C3luysh-ltx-	4929269	34.7	alt-scaffold	NT_167249.2	GL000256.2	76	109	110	ensembl-110	6	28691466	33480577	MHC	+	4174253	28691465	33620734	2.4419	forward	yes	yes	Ensembl
CHR_HSCHR7_1_CTG1	HSCHR7_1_CTG1	gYz7o7qX6XUvN5Duq11Va7MJVHGQ6M-v	159349278	X1hoeaY6uWYC8HHY2Q2EfqbdDxJqM8IG	157952	1008.8	alt-scaffold	NT_187558.1	KI270804.1	76	109	110	ensembl-110	7	43902	198548	REGION145	+	157952	43901	201853	0.0991	forward	yes	yes	Ensembl
CHR_HSCHR7_1_CTG4_4	HSCHR7_1_CTG4_4	fAlsz8f3XID9YcTCMCmlRsupCWeS3bA8	159348604	xbXYojdfUTApIf8_P3x4-2zIsZD-iOb2	158166	1007.5	alt-scaffold	NT_187559.1	KI270806.1	76	109	110	ensembl-110	7	103086563	103242097	REGION147	-	158166	103086562	103244728	0.0993	reverse_complement	yes	yes	Ensembl
CHR_HSCHR7_1_CTG6	HSCHR7_1_CTG6	hszi3in8fli5YJtv_Ad3mQA8ufkdDM8a	159351981	ZO3XajuY2WdIU8H0b3dSx5KYK8m9M82O	119183	1337.0	alt-scaffold	NW_003315922.2	GL383534.2	76	109	110	ensembl-110	7	141633409	141746583	REGION11	+	119183	141633408	141752591	0.0748	forward	yes	yes	Ensembl
CHR_HSCHR7_1_CTG7	HSCHR7_1_CTG7	5CE876jND8vpveTOckeSu2R7R7Y7EU0B	159346281	e_yiZOTpBLWIC3EqA1n_SgveVxgn4g8b	209988	758.8	alt-scaffold	NT_187560.1	KI270805.1	76	109	110	ensembl-110	7	158267495	158477174	REGION150	-	209988	158267494	158477482	0.1318	reverse_complement	yes	yes	Ensembl
CHR_HSCHR7_2_CTG1	HSCHR7_2_CTG1	VWa78vQGcvQIq2nbUHUFa4s0CZIrFcKC	159348294	nNhGXvs5B9t31ETXiIjf3wqoO3wavGDq	190869	834.9	alt-scaffold	NT_187653.1	KI270899.1	76	109	110	ensembl-110	7	10001	198548	REGION145	+	190869	10000	200869	0.1198	forward	yes	yes	Ensembl
CHR_HSCHR7_2_CTG4_4	HSCHR7_2_CTG4_4	VbhxhtWKmjALrttrtneT_j2ZCDOfSRsB	159333789	zNqIYblzbGOOkwdirXHJTkPbFH1BGDv7	209586	760.2	alt-scaffold	NT_187561.1	KI270809.1	76	109	110	ensembl-110	7	76500982	76722751	REGION146	+	209586	76500981	76710567	0.1315	forward	yes	yes	Ensembl
CHR_HSCHR7_2_CTG6	HSCHR7_2_CTG6	vHrg52VqJbttFTf_GdKAn_R2PjMX3fAc	159407160	WWPUgQmEvZlupGMumNRPbGJmBDPLEKgR	1111570	143.4	alt-scaffold	NT_187562.1	KI270803.1	76	109	110	ensembl-110	7	142038121	143088503	TRB	+	1111570	142038120	143149690	0.6973	forward	yes	yes	Ensembl
CHR_HSCHR7_2_CTG7	HSCHR7_2_CTG7	CuzU2lrg3_HV5CxjlkTrfWhDOOq2lHx-	159349352	Mr7I6o5HsgqLcSnvhYEqDYdz5kV42DM4	126434	1260.3	alt-scaffold	NT_187563.1	KI270807.1	76	109	110	ensembl-110	7	157697532	157820586	REGION149	+	126434	157697531	157823965	0.0793	forward	yes	yes	Ensembl
CHR_HSCHR7_3_CTG1	HSCHR7_3_CTG1	MbgzK8UcKS7SXRYUklNTabNJNB7lOswn	159352526	RaY0Rpns5TYX0c_6drNIuLplp06G19mh	172555	923.5	novel-patch	NW_019805493.1	KZ559106.1	92	109	110	ensembl-110	7	9026358	9192359	REGION267	+	172555	9026357	9198912	0.1083	forward	yes	yes	Ensembl
CHR_HSCHR7_3_CTG4_4	HSCHR7_3_CTG4_4	qUtioCly7iIjEcvImLVK3dUW0tpzhLf2	159441130	ktIu-JKt833JVvwi5m0nBqvd1ougBHJ_	680662	234.2	novel-patch	NW_018654715.1	KZ208913.1	92	109	110	ensembl-110	7	144045427	144630931	REGION252	+	680662	144045426	144726088	0.4269	forward	yes	yes	Ensembl
CHR_HSCHR7_3_CTG6	HSCHR7_3_CTG6	k3meY6KvJZFZ7Y_zaT7LOT_OgGKHrNF4	159344441	PYAMDH0KqfdmU5JPAVqVupaXBEo4rFfz	271455	587.0	alt-scaffold	NT_187564.1	KI270808.1	76	109	110	ensembl-110	7	148214874	148487860	REGION148	+	271455	148214873	148486328	0.1704	forward	yes	yes	Ensembl
CHR_HSCHR8_1_CTG1	HSCHR8_1_CTG1	L0mf95Il_1KhPdbIwpBRE99Y-4SN_4uX	145124952	PAYF0NF94J1eLPRA0B9Wx6PKdgTZ4pvv	292436	496.3	alt-scaffold	NT_187565.1	KI270811.1	76	109	110	ensembl-110	8	1280785	1586904	REGION151	+	292436	1280784	1573220	0.2015	forward	yes	yes	Ensembl
CHR_HSCHR8_1_CTG6	HSCHR8_1_CTG6	hIkECm7da3r2_lOaDuWgAT7sr-x0r4Ng	145150400	iywmqFQ-6Fh14pAPqaLYvu06VSZSgnDe	141812	1023.5	alt-scaffold	NT_187566.1	KI270814.1	76	109	110	ensembl-110	8	57173351	57303398	REGION152	+	141812	57173350	57315162	0.0977	forward	yes	yes	Ensembl
CHR_HSCHR8_1_CTG7	HSCHR8_1_CTG7	CtqhZ9QltgUCX9uqZqGsbGJ0qtJfViO9	145142033	EKnBFFZrnDzD-jWHvXcXscItM1QrDzsR	374415	387.7	alt-scaffold	NT_187567.1	KI270810.1	76	109	110	ensembl-110	8	128554723	128925740	REGION153	+	374415	128554722	128929137	0.2580	forward	yes	yes	Ensembl
CHR_HSCHR8_2_CTG1	HSCHR8_2_CTG1	KH3-EjzkpUEBiwbWvwh-6nuR6KwVhLwo	145141567	iWjuscFp2jBmwXvs-ih3LJHz5AW3Qu1e	282736	513.3	alt-scaffold	NT_187568.1	KI270812.1	76	109	110	ensembl-110	8	861642	1141446	REGION151	+	282736	861641	1144377	0.1948	forward	yes	yes	Ensembl
CHR_HSCHR8_2_CTG7	HSCHR8_2_CTG7	k3BCjUYvTs_6rbKl15G93vrwRqMHV31V	145141868	kbbbrWmgtIJj-EfUWxjXzA1EcnqCLpZU	132244	1097.5	alt-scaffold	NT_187569.1	KI270815.1	76	109	110	ensembl-110	8	144628750	144757761	REGION158	+	132244	144628749	144760993	0.0911	forward	yes	yes	Ensembl
CHR_HSCHR8_3_CTG1	HSCHR8_3_CTG1	Ed7SbQmXs-MZFxrY63_QqjHTTB8UWHcf	145130612	Blfq4xqKfo0FJJPATFr4xPHwunr-hMDQ	300230	483.4	alt-scaffold	NT_187570.1	KI270813.1	76	109	110	ensembl-110	8	7308874	7617127	DEFENSIN_REGION_1	+	300230	7308873	7609103	0.2069	forward	yes	yes	Ensembl
CHR_HSCHR8_3_CTG7	HSCHR8_3_CTG7	X6jG3DVKHagHZY6nez9BPZy6H4B1pAa_	145125643	kH-2_CUCQqpxQWVpHGnxjawC0RfwHeVU	305841	474.5	alt-scaffold	NT_187571.1	KI270816.1	76	109	110	ensembl-110	8	143509961	143828794	REGION157	+	305841	143509960	143815801	0.2107	forward	yes	yes	Ensembl
CHR_HSCHR8_4_CTG1	HSCHR8_4_CTG1	_RWXM_rcZ3l1aPtBm3ltHAu5a9VyRQQw	145141010	3vUgExTDPg-6kH2ZiULbknG65kUMHAVw	145606	996.8	alt-scaffold	NT_187572.1	KI270818.1	76	109	110	ensembl-110	8	718410	861641	REGION151	+	145606	718409	864015	0.1003	forward	yes	yes	Ensembl
CHR_HSCHR8_4_CTG7	HSCHR8_4_CTG7	Ze-RO-TsIaxzQ4RGEJKDIIG5zZUKYxfI	145143933	f94ByAZ4kelY_SOSggoI_vakm0WATKUj	158983	913.0	alt-scaffold	NT_187573.1	KI270817.1	76	109	110	ensembl-110	8	143009713	143163398	REGION156	+	158983	143009712	143168695	0.1095	forward	yes	yes	Ensembl
CHR_HSCHR8_5_CTG1	HSCHR8_5_CTG1	1gk0WGEDlGeQiW_N6HmMxeoPeRg0TPCn	145137619	PTs_FUyoqjFFjccktitxECsvBBm2hynY	318687	455.4	alt-scaffold	NT_187654.1	KI270900.1	76	109	110	ensembl-110	8	1389717	1709420	REGION151	+	318687	1389716	1708403	0.2196	forward	yes	yes	Ensembl
CHR_HSCHR8_5_CTG7	HSCHR8_5_CTG7	dcBO3Z2uwknvrqPtjEZ8z1n-XdbRTjH0	145144538	JoYHnbjBPOMckEQi0FSEJZYfci-l4kzO	133535	1086.9	alt-scaffold	NT_187574.1	KI270819.1	76	109	110	ensembl-110	8	141333447	141461079	REGION154	+	133535	141333446	141466981	0.0920	forward	yes	yes	Ensembl
CHR_HSCHR8_6_CTG1	HSCHR8_6_CTG1	g39tQRRqHoK7UsOlJ3hc_x0rCSfCU6ET	145136257	lmsj7PeHPqJSRaNOMJQ7lZRV3Kaf9pAx	136959	1059.7	alt-scaffold	NT_187655.1	KI270901.1	76	109	110	ensembl-110	8	1141447	1280784	REGION151	+	136959	1141446	1278405	0.0944	forward	yes	yes	Ensembl
CHR_HSCHR8_6_CTG7	HSCHR8_6_CTG7	-PabAxYU6UI-zHkSbhKlj2tHLY6EoO58	145141837	sBoZ5hQSaht4_DY7y6aKfsCGmNAdox0J	36640	3961.3	alt-scaffold	NT_187575.1	KI270820.1	76	109	110	ensembl-110	8	141766834	141800272	REGION155	+	36640	141766833	141803473	0.0252	forward	yes	yes	Ensembl
CHR_HSCHR8_7_CTG1	HSCHR8_7_CTG1	Ou2NtATNqK5CxXlUFuI7iG6gEA4kbQ3r	145138198	OUSGYxrr7GHL4BqmA8FMD3Nn6G-UPLwt	229282	633.0	alt-scaffold	NT_187680.1	KI270926.1	76	109	110	ensembl-110	8	1586905	1816624	REGION151	+	229282	1586904	1816186	0.1580	forward	yes	yes	Ensembl
CHR_HSCHR8_7_CTG7	HSCHR8_7_CTG7	717tfuU9k1asAGauNLgAkRiNwb4Fyj6p	145147686	Azfpi1FTBkDZ0o12bD0AXEBHT1J7Ylcx	103072	1408.2	novel-patch	NW_019805494.1	KZ559107.1	92	109	110	ensembl-110	8	129724678	129818699	REGION268	+	103072	129724677	129827749	0.0710	forward	yes	yes	Ensembl
CHR_HSCHR8_8_CTG1	HSCHR8_8_CTG1	SGd3lR0ESK5OJNw8xGrF8QSwHfoFCvCd	145123326	vGGgA6P7xBX7M4mBYy9nOBtznc1x1nFS	985506	147.3	alt-scaffold	NT_187576.1	KI270821.1	76	109	110	ensembl-110	8	1816625	2817440	REGION151	+	985506	1816624	2802130	0.6791	forward	yes	yes	Ensembl
CHR_HSCHR8_9_CTG1	HSCHR8_9_CTG1	uFUjfEMm3qWAzDIP1XJVvQ49XQpt_xsl	144983589	JC7sRwjgnhEUBTGtNafaYyolY6rCwFRw	624492	232.2	alt-scaffold	NT_187577.1	KI270822.1	76	109	110	ensembl-110	8	39094318	39873856	ADAM5	+	624492	39094317	39718809	0.4307	forward	yes	yes	Ensembl
CHR_HSCHR9_1_CTG1	HSCHR9_1_CTG1	BQKS-HbRm2aTTc_tTkUWE87nsgSUxxOx	138409529	Qmg0fzIrKNmbX_QaMvYDZ34Nvzac7d0J	162988	849.2	alt-scaffold	NW_003315928.1	GL383539.1	76	109	110	ensembl-110	9	7428994	7577169	REGION14	+	162988	7428993	7591981	0.1178	forward	yes	yes	Ensembl
CHR_HSCHR9_1_CTG2	HSCHR9_1_CTG2	_k5vcRalCA2R7-PDAvfEacjWCHrVVmKL	138402913	OZtXLFtnb_IngRA_3wo74PtIfGN9zU-j	71551	1934.3	alt-scaffold	NW_003315929.1	GL383540.1	76	109	110	ensembl-110	9	69413743	69477097	REGION13	+	71551	69413742	69485293	0.0517	forward	yes	yes	Ensembl
CHR_HSCHR9_1_CTG3	HSCHR9_1_CTG3	YMH5VeWobivbwHFNWi20YKPTyCcYsLp7	138400797	M6XTiISr1Sm1DPXEuWgviX8Y2Ct0viGi	171286	808.0	alt-scaffold	NW_003315930.1	GL383541.1	76	109	110	ensembl-110	9	70024113	70189318	MAMDC2	+	171286	70024112	70195398	0.1238	forward	yes	yes	Ensembl
CHR_HSCHR9_1_CTG4	HSCHR9_1_CTG4	cgqfhr4KowNn2Yz-pb34U3ZYjjWfMUOo	138405815	xG6X1niZL5ka910ne1W_3IKQG1papFZC	60032	2305.5	alt-scaffold	NW_003315931.1	GL383542.1	76	109	110	ensembl-110	9	88179047	88227980	REGION15	+	60032	88179046	88239078	0.0434	forward	yes	yes	Ensembl
CHR_HSCHR9_1_CTG5	HSCHR9_1_CTG5	4PEuEkuiMl9RFC-Pz2_aHWWHVioULmIL	138404305	_F7qq6EIa8n9etwFT0MelPnY7ggqXObL	439082	315.2	alt-scaffold	NT_187578.1	KI270823.1	76	109	110	ensembl-110	9	100948798	101378291	LPPR1	+	439082	100948797	101387879	0.3172	forward	yes	yes	Ensembl
CHR_HSCHR9_1_CTG6	HSCHR9_1_CTG6	S0mk-v3doABcRF0vU7MDpqcg9IcVn7uA	138399532	RQsDImKYA4NTZutnwFyZSnC6_vRVNOmh	163882	844.5	novel-patch	NW_013171804.1	KQ090018.1	83	109	110	ensembl-110	9	8983671	9142737	REGION226	+	163882	8983670	9147552	0.1184	forward	yes	yes	Ensembl
CHR_HSCHR9_1_CTG7	HSCHR9_1_CTG7	5hf2dLOaa0TRX8MPdeeRAuQ-6Cs1rPrJ	138399111	p32gBmEZEEPisLp2VH34NR6P18oUa1Z8	134099	1032.1	novel-patch	NW_013171805.1	KQ090019.1	83	109	110	ensembl-110	9	24949709	25079413	REGION227	+	134099	24949708	25083807	0.0969	forward	yes	yes	Ensembl
CHR_HSCHRX_1_CTG3	HSCHRX_1_CTG3	YlyJ0RHUFznqXgy2zhDpDuN9VsUv5RY0	156043585	mxmnPc-Gg9PQrh9U5tJrLKC3P5vqdOR6	284869	547.8	alt-scaffold	NT_187634.1	KI270880.1	76	109	110	ensembl-110	X	319338	601516	REGION187	+	284869	319337	604206	0.1826	forward	yes	yes	Ensembl
CHR_HSCHRX_2_CTG12	HSCHRX_2_CTG12	uYHgDNbwWwRNP6tD914Mx6oCz2pf_jKy	156053172	8fOc6uTtO5N3DT5p9h6iP0DpV7gX6pzM	144206	1082.2	alt-scaffold	NT_187635.1	KI270881.1	76	109	110	ensembl-110	X	79965154	80097082	REGION188	-	144206	79965153	80109359	0.0924	reverse_complement	yes	yes	Ensembl
CHR_HSCHRX_2_CTG3	HSCHRX_2_CTG3	80Mvmrp-kBgBbrvOPceVix3CvmzbuC-_	156039875	JGKR1svbOo2GOxiWymE1pv13ggaJc4ih	274009	569.5	alt-scaffold	NT_187667.1	KI270913.1	76	109	110	ensembl-110	X	326488	601516	REGION187	+	274009	326487	600496	0.1756	forward	yes	yes	Ensembl
CHR_HSCHRX_3_CTG7	HSCHRX_3_CTG7	SZDN4dSfwEDIdcE5qoNFFzti7oiH_HsU	156050387	ZC0zMkfdrrAm91SfiLrPsiRdi3EJJFwq	188004	830.0	novel-patch	NW_017363820.1	KV766199.1	88	109	110	ensembl-110	X	4950957	5129468	REGION239	+	188004	4950956	5138960	0.1205	forward	yes	yes	Ensembl
